:START_ID(Person)|:END_ID(Organisation)|classYear:INT
933|2643|2011
1129|2636|2003
4398046512167|2384|2005
6597069767117|5160|2007
6597069770517|6477|2005
8796093025056|2449|2007
10995116278700|6801|2008
10995116279792|5044|2005
10995116280047|5522|1999
10995116280480|7868|2005
13194139536109|6345|2008
15393162791382|2205|2003
17592186045684|2209|2002
17592186048163|5527|2007
21990232556027|1596|2008
21990232556585|5268|2000
21990232558653|2213|2002
24189255814220|2622|2006
26388279066636|2435|2008
28587302322727|6801|2002
30786325578904|4669|2010
30786325580104|4999|2001
2035|2209|2003
2099|5529|2006
2199023258430|6490|2003
2199023258732|2831|2008
4398046511870|2359|2008
4398046513209|4745|2006
8796093023060|4942|2011
8796093024830|5497|2001
13194139534485|5983|2000
13194139536519|3013|2011
13194139537106|6392|2000
17592186046713|2525|2006
17592186048261|6624|2007
19791209300372|2830|2007
26388279067350|2207|2008
26388279068856|5862|2006
28587302322873|2491|1999
30786325580358|5232|2005
6597069770193|5234|2005
8796093024242|3506|2006
13194139533850|1801|2003
13194139536952|6364|2003
15393162789992|3007|2001
15393162790562|6393|2004
15393162790796|2212|2006
15393162790846|1582|2002
17592186044810|1961|2006
19791209300058|7893|2003
19791209301789|1981|2006
21990232556714|4512|2003
21990232557292|6801|2003
21990232557481|4598|2002
21990232559223|6166|2008
26388279068731|4256|2009
28587302322741|1857|1998
28587302325163|2206|2011
30786325580343|4748|2004
30786325581370|5981|2004
32985348833558|2830|2008
32985348835088|2488|2006
32985348835805|1853|2003
35184372091310|4991|2002
1922|6544|2001
4398046513754|6203|2001
4398046514546|5803|1998
6597069766961|5236|2002
6597069769604|6799|2008
8796093022367|6303|2007
8796093022641|7900|2004
8796093022764|2206|2007
10995116280508|4742|2006
10995116281275|3008|2000
17592186046758|7894|2004
17592186046830|7874|2009
17592186047743|4590|2001
19791209301403|6797|2003
19791209301577|4515|2003
19791209301717|3007|2003
21990232555940|2325|2000
24189255811398|2407|2004
24189255813494|7939|1999
24189255814438|1800|2001
24189255814765|5270|2007
26388279069549|2002|2001
26388279069739|3008|2008
28587302322686|2434|2004
30786325579136|1602|2007
32985348833849|5496|2001
32985348836714|6461|2011
1845|5237|2004
2199023257371|2384|2010
4398046511463|1857|2000
4398046512636|1853|2003
4398046513254|5146|2009
6597069766695|5985|2006
6597069767625|7893|1999
6597069769535|6484|2003
8796093022467|5269|2009
8796093024736|6093|2004
10995116281374|3006|2002
13194139533332|5036|2011
13194139535371|2648|2005
13194139536738|5074|2006
15393162789707|6350|2007
21990232556536|2527|2011
24189255811694|6625|2005
24189255813658|2946|2002
26388279068740|2699|2006
26388279069158|1612|2006
26388279070293|7901|2005
30786325577812|6617|2002
30786325577960|4676|1999
30786325579035|2982|1998
30786325579119|1972|2003
32985348834262|1608|2000
32985348834823|2176|2001
32985348835115|2207|2006
65|4991|2007
2329|2205|2001
3247|2666|2005
2199023256530|1978|2005
2199023259063|1583|2002
4398046511535|5234|2009
4398046512826|2208|2002
6597069768287|5525|2005
10995116278915|2243|2006
10995116279491|5235|2007
10995116280436|2209|1998
13194139536061|1956|2008
17592186044824|3006|2004
17592186045865|3008|2008
17592186045981|4965|2000
17592186047761|4598|2005
19791209300739|2210|2008
19791209301463|2478|2002
19791209302057|5040|2007
21990232556180|6478|2004
21990232558990|2211|2011
24189255813058|3008|2004
26388279068269|2206|2008
28587302322755|2210|1999
30786325579545|6306|2004
32985348833679|6200|2007
32985348833686|1849|2003
32985348835269|2209|2010
32985348835589|4998|2009
32985348836807|3007|2004
32985348837090|3014|2001
35184372090589|3008|2002
35184372091820|2213|2005
1219|2946|2009
1791|2374|2005
3217|2647|2006
2199023257297|5947|2008
2199023258066|5270|2008
2199023258456|1837|2001
2199023258908|3010|2010
4398046513334|6469|2009
6597069768567|2832|2004
8796093022290|5147|2002
8796093023634|4668|2003
8796093025492|5804|2002
8796093025516|5236|2006
10995116279585|3006|2004
10995116281487|3015|2009
15393162789560|3011|2010
15393162791475|7901|2001
17592186044532|3010|2004
17592186044568|2211|2008
17592186045583|5948|2004
17592186047267|4596|2005
17592186047327|1853|2006
19791209300796|1858|1998
21990232556771|5190|2006
21990232557176|6545|2002
21990232559210|1800|2004
24189255813453|2682|2008
26388279067039|5521|2007
26388279070512|6796|2007
28587302325064|6797|2008
30786325578784|2213|2001
30786325580114|3008|2004
30786325580428|1577|2009
30786325580547|4841|2005
32985348836180|4512|2007
3325|5267|2001
2199023255747|3007|2006
2199023257284|7910|2003
2199023257348|5235|2007
2199023258134|2205|2002
4398046513032|2830|2007
4398046513938|1816|2002
4398046514136|6486|2002
8796093023215|5899|2007
10995116281629|3006|2004
13194139533648|3007|2001
13194139533912|2835|2006
13194139534520|1857|2002
15393162789226|4589|2006
17592186045370|2693|2003
17592186045646|6807|2002
17592186047200|5148|2007
26388279068705|5235|2003
26388279070079|2945|2001
28587302322718|2648|2004
28587302324945|1855|2001
28587302325040|2205|2004
30786325579394|5271|2009
2199023256919|4518|2002
4398046512818|4516|2004
4398046514951|7875|2002
6597069768005|5529|2011
6597069768934|1804|2006
6597069768956|2832|2009
10995116278292|2829|2009
10995116278973|4674|2005
10995116279272|3007|2003
10995116281209|6148|2003
10995116281248|3006|2009
10995116281419|5802|2000
10995116281609|6198|2009
13194139534836|5039|2008
13194139535032|5985|1998
13194139536457|6161|2003
15393162791500|2178|2002
17592186046041|1597|2003
17592186046788|6804|2004
19791209303059|6477|2005
19791209303129|3013|2007
21990232556947|6204|2003
21990232557823|4941|2007
21990232559412|2561|2003
26388279068372|4542|2003
26388279070070|2212|2008
28587302322627|5521|2008
30786325580021|6541|2000
893|2209|2007
3631|3009|2003
2199023258794|6482|2001
2199023258806|5528|2007
2199023259220|3007|1998
4398046513018|3011|2002
4398046513551|2214|2000
6597069770413|5092|2004
10995116277924|2833|2000
13194139534927|4743|2003
15393162790078|4515|1999
15393162790827|4579|2010
15393162791355|4746|2008
17592186047089|1986|2007
21990232555895|7892|2000
21990232556476|5496|2010
21990232558067|2831|2003
30786325579215|2646|2007
32985348836610|2212|2005
32985348836980|2205|2002
2199023257545|3009|2001
4398046512267|1959|2002
4398046512578|5865|2005
4398046513283|2242|2007
4398046513833|2917|2003
6597069767747|1953|2007
8796093023613|6168|2004
10995116278281|4589|2004
10995116278453|6801|2008
10995116278785|6624|2005
10995116281048|2209|2004
13194139534569|7942|2006
13194139534853|5272|2001
13194139535287|2831|2007
15393162789103|7886|2003
17592186047246|6201|2002
17592186048044|6801|1999
17592186048310|4923|2005
19791209300631|3007|2003
19791209301229|1852|2000
19791209303133|2210|2007
19791209303735|2834|1998
21990232557489|2206|2003
21990232557705|1954|2000
21990232558849|4980|2005
24189255812580|2383|2006
24189255812857|4515|1999
26388279069382|1850|2003
28587302323655|1769|2010
30786325579148|6798|2007
32985348835762|6493|2003
555|2209|1999
2199023256403|3011|2003
4398046511628|5947|2003
4398046513647|3012|2007
4398046514779|2211|1999
6597069769378|1858|2003
6597069769920|3014|2005
8796093024559|6537|2002
8796093024637|6309|2001
8796093024837|1637|2006
8796093025828|2211|2002
8796093026107|2209|1999
13194139533460|2206|2007
13194139536306|5236|2003
13194139536501|2205|1999
17592186044519|4941|2008
17592186046401|6203|2007
19791209300124|6616|2004
19791209302163|1981|1999
19791209302836|2945|2003
21990232555753|6509|2006
21990232557730|6165|2011
24189255811862|2486|2005
24189255812574|5529|2001
24189255812802|6409|1999
24189255813943|2214|1999
24189255814337|4595|2001
26388279069203|5236|1999
28587302323934|1989|2002
30786325578144|5148|1999
32985348835991|4510|2003
32985348836120|2943|2003
1874|3453|2006
2304|2836|2000
3219|5886|1999
2199023255869|5236|2001
4398046511154|6433|2000
4398046512637|6799|2005
8796093023506|5461|2001
8796093025530|1980|2010
10995116280797|2209|2006
13194139533523|2944|2007
13194139536419|5047|2010
13194139536902|2516|2004
13194139536961|2213|2003
15393162788865|2945|2007
17592186044605|2206|2008
21990232557420|2456|2003
21990232557756|6171|2000
24189255811103|2832|2001
24189255811782|6441|2006
24189255812105|2208|2002
26388279066717|1605|2007
26388279066958|7900|2002
26388279067671|6798|2001
28587302323020|7893|2010
32985348835100|3006|2007
32985348836491|3006|2006
1909|2205|2005
2199023257977|6205|2008
4398046514157|5982|2008
4398046514618|4595|2011
6597069766964|2835|2001
6597069768050|2207|2006
8796093022392|7900|2000
8796093022423|5168|2009
8796093024749|2836|2001
8796093024759|2210|2002
10995116280941|4747|2006
13194139533432|5188|2004
13194139534384|7951|2007
13194139535568|1969|2002
13194139536106|4745|2006
15393162790101|6435|2006
15393162791204|2210|2002
15393162792600|6204|2002
17592186045019|4749|2005
17592186045074|3009|2007
19791209301454|4939|2009
21990232556497|6204|1998
24189255813217|5160|2001
24189255814524|7945|2011
24189255814752|5080|2006
26388279068864|7814|2001
26388279069515|3011|2002
26388279069942|4662|2012
26388279070275|2214|2008
28587302324393|1980|2004
28587302325910|5269|2007
28587302325939|6201|2008
30786325578670|5735|2007
30786325580338|2484|2001
32985348834776|2205|2004
3331|5948|2008
2199023256363|5521|1999
4398046511937|5141|1999
4398046514484|3015|1999
6597069766725|4762|2000
6597069767686|1838|2005
6597069769909|3015|2005
8796093025751|6203|2006
10995116277820|2836|2010
10995116278238|5981|2009
10995116280896|5170|1998
10995116281261|5987|2008
13194139534803|5241|2010
13194139534816|1577|2008
13194139534982|1858|2006
13194139535717|6435|2010
13194139537169|6152|2003
15393162791313|5801|2005
17592186045360|2836|2000
17592186046846|1838|2004
17592186047971|2213|2001
19791209300625|1851|2001
19791209301201|2519|2003
21990232557038|2214|2000
21990232558713|1989|2006
24189255811940|3177|2001
24189255814409|2829|2001
26388279067627|4998|2007
26388279069947|5805|2004
28587302322372|2990|2002
28587302324129|2210|2006
32985348834019|5264|2005
35184372091040|3010|2006
3676|4743|2005
2199023258479|2453|2005
6597069768324|5235|2000
8796093022634|5607|2007
8796093023519|5501|2002
8796093024687|2208|2001
8796093024878|2212|2007
10995116280870|5044|2006
15393162791897|7941|2010
15393162792416|2214|2002
19791209302058|5521|2001
19791209302584|3011|2007
19791209302599|5265|2002
21990232556725|2356|2004
21990232557562|2205|2005
21990232557875|5236|2003
24189255812924|2432|2007
24189255814441|4949|2007
24189255814476|2940|2001
24189255814486|1815|2000
26388279070200|3009|2010
30786325580251|1984|2004
30786325580508|1801|2003
2199023258364|1575|2005
4398046513253|3009|2001
6597069768822|2490|2008
6597069770100|5171|2003
8796093025148|7894|1999
8796093025996|7896|1999
10995116278300|2207|1998
10995116279437|2385|2004
13194139535252|2210|2002
13194139536145|2205|2003
13194139536331|6304|2000
15393162789932|1958|1999
15393162790207|6805|2009
15393162790885|2835|2000
17592186044864|2211|2002
17592186045340|3209|2008
17592186047020|2213|2007
19791209300370|3013|2005
21990232555889|2213|2007
21990232558274|3009|2005
24189255811086|4593|2002
26388279068053|1851|2003
26388279068206|1957|2003
26388279068635|7897|2008
26388279070243|2977|2005
28587302325553|2450|2008
30786325579016|6493|2008
32985348836967|1858|2010
35184372091801|4746|2008
512|2206|2003
1269|3008|2007
1734|5633|2005
2862|7900|2002
2199023258011|2651|2002
4398046512854|1984|2009
4398046513374|2321|2004
4398046514167|2210|2007
6597069769226|5185|2001
6597069769397|1575|2001
8796093024366|7892|2010
10995116279039|4516|2003
10995116281564|1990|2009
13194139533909|2205|2005
13194139535589|3010|2011
13194139536555|7872|2009
15393162792641|4942|2008
17592186048248|7940|2005
19791209302055|7295|2001
19791209303024|2488|2010
24189255813016|2438|2009
26388279067512|3007|2000
26388279068756|2211|2003
26388279069653|1607|2004
26388279069723|2386|2005
28587302322515|1597|2001
28587302323673|6198|2010
28587302324133|6148|2003
30786325579003|6667|2007
32985348834943|7940|2010
32985348837008|5980|2001
32985348837023|7944|2008
407|5522|2004
1573|4982|2002
2052|4988|2007
2199023255637|2205|2007
2199023257261|4744|2003
2199023258458|2376|2006
4398046512356|2205|2005
4398046512820|5263|2001
4398046514855|2490|2010
6597069767067|5238|2007
6597069767377|3010|2001
6597069767708|6150|1999
8796093024507|3008|2003
10995116278981|4172|2006
13194139534593|2207|2009
15393162791421|2209|2000
17592186045748|6666|2007
17592186046362|2381|2005
17592186047133|5272|2007
19791209301529|3008|2003
21990232556166|3011|2011
21990232558291|5979|2002
24189255811234|1599|2005
24189255812364|1639|2008
26388279067147|4590|2007
26388279069042|1961|1999
26388279069462|2385|2000
26388279070247|1596|1999
28587302322809|2207|1998
30786325580454|6425|1999
30786325581203|3009|2004
32985348834360|1956|2006
32985348836884|2696|2000
32985348837065|3007|2005
1242|6398|2009
2817|2205|2002
4398046514948|3014|2004
8796093025804|2527|2008
10995116281495|6493|2004
13194139534382|4518|2002
13194139536063|6173|2002
15393162790472|2438|2010
19791209301239|2208|2008
26388279068176|2290|1999
26388279068264|3015|2008
26388279069892|6510|2004
28587302324599|7893|2005
28587302324619|6545|2009
32985348833887|2212|2004
32985348834919|3013|2008
32985348835117|5170|2008
102|4991|2005
987|5234|2004
2266|6553|2009
3755|5865|2004
2199023256609|7877|2007
4398046511467|2523|2006
4398046512201|2385|1998
4398046512759|3099|2005
6597069766938|4991|2006
6597069769120|2216|2002
8796093022368|5522|2006
8796093025410|3006|2003
10995116279629|3009|2001
10995116279780|4968|2009
10995116280604|2648|2003
10995116281407|4955|2007
13194139534340|2449|2001
13194139535778|1772|2010
13194139537188|3009|2004
15393162790090|7951|2004
15393162790818|1608|2006
19791209301809|5157|2007
21990232556621|3009|2004
24189255814280|3014|2008
26388279067771|3066|2008
28587302324770|1637|2001
28587302325036|6476|2008
30786325579940|7900|2002
32985348833931|1577|2002
32985348834873|2694|2004
32985348834930|3014|2010
367|3007|1999
465|2212|1998
1355|1642|2009
2706|4673|2003
3309|5041|2008
2199023257072|2381|1998
2199023257716|2207|2004
2199023258410|7903|2004
2199023259215|5494|2002
4398046513541|4751|2008
8796093025409|5987|2006
10995116278730|2209|2001
13194139535511|2452|2003
13194139536470|6803|2007
15393162789401|4954|2008
17592186046218|2210|2010
17592186046368|5267|2004
19791209299993|4673|2005
19791209300961|2213|2009
21990232559158|5268|2009
24189255811906|4519|2004
24189255813100|5001|1998
24189255813134|2207|2006
24189255813156|5042|2003
24189255814145|3008|2003
24189255814900|2309|2008
26388279067532|6480|2008
26388279068701|2246|2005
28587302322431|2834|2006
28587302325640|2212|2008
30786325580642|2675|2002
32985348834013|5233|2001
1984|5190|2004
2186|6307|2004
2792|1991|2005
2199023258991|1972|2006
4398046512890|3006|2001
4398046513372|2442|2003
6597069770455|3011|2004
8796093022647|4954|2002
8796093022909|4968|2005
10995116279227|3013|2006
10995116279620|2210|2004
15393162789112|6306|2002
17592186045005|5494|2006
19791209302341|3007|2006
21990232556491|2213|2006
24189255811746|6479|1998
24189255814087|5272|2003
26388279066738|7895|2010
26388279066989|2213|2003
26388279068707|7949|2010
26388279069137|3009|2004
28587302322553|6493|2003
28587302322565|5043|2006
28587302324043|4750|2002
28587302326060|5979|2006
30786325581563|2451|2006
318|4991|2008
3212|1981|2003
3716|7924|2007
2199023255558|2209|2005
2199023256593|3015|2010
2199023258155|3008|2010
4398046512720|5264|2004
6597069769280|2214|2004
8796093024671|5524|2008
8796093025734|3006|2001
10995116279125|1980|2009
10995116279846|2829|1998
10995116280119|3012|2008
10995116280271|1811|2003
15393162789489|5189|2004
17592186045739|3008|2007
17592186046314|4991|2011
17592186046681|5187|2002
21990232555586|3009|1999
21990232557754|3008|2000
21990232558666|2212|2002
21990232558891|5044|2002
24189255811155|6010|2004
24189255811164|6149|2004
24189255813044|2738|2004
24189255813174|6493|2002
26388279068813|5168|2006
26388279069209|5235|2002
28587302324494|3007|2004
28587302325422|1981|2006
28587302325627|5170|2002
30786325581117|3010|2004
32985348835135|6669|2005
32985348835231|2653|2001
32985348836997|4510|2008
238|6554|2003
2199023256277|6388|2006
4398046512603|4749|2006
4398046513637|5526|2009
4398046513906|5266|2001
6597069768305|6393|2002
6597069769502|4745|2010
6597069770233|1642|2005
8796093024708|2207|2003
8796093024809|4511|2006
8796093025467|6802|2010
10995116279887|3013|1998
15393162790921|6538|2003
17592186044494|2983|2007
17592186045693|2212|2004
17592186048288|4593|2005
19791209303273|2648|2004
28587302323431|4517|2004
30786325578568|5038|2003
30786325581128|2830|2007
32985348833546|6396|2008
32985348836147|4750|2005
3722|2948|2004
2199023257754|1607|2010
4398046512221|2982|2000
4398046512737|5985|2005
4398046512766|5985|2010
4398046513464|5328|2002
4398046514324|5266|2003
6597069766846|1583|1998
8796093022325|1815|2005
8796093024336|6150|2002
8796093024408|2211|2010
10995116278031|2834|2001
10995116278234|3010|2002
10995116279599|2205|2003
10995116279632|7895|2008
13194139534185|2674|2008
13194139536254|5190|2007
13194139536811|7899|2006
15393162788922|4998|2005
15393162789792|3012|2002
17592186046172|2831|2006
17592186046674|5039|2007
21990232555934|3006|2004
21990232559086|3011|2008
24189255811099|5804|2007
24189255812877|7897|1998
24189255813921|3008|2005
24189255814011|2214|2004
28587302323642|3008|2008
28587302324192|5525|2002
30786325581549|5522|2004
32985348833536|2697|2005
32985348834523|3008|2006
1148|2440|2007
3661|4991|2005
2199023258721|5524|2001
4398046513246|3006|2002
8796093022938|3007|2005
8796093023577|2829|2003
10995116278264|3015|2001
10995116280377|6667|2001
13194139533533|2212|1998
13194139535930|7894|2007
17592186045551|5271|2011
17592186047926|6754|2007
19791209300463|2209|2010
19791209302957|2429|2006
19791209303138|2213|2009
26388279069561|3015|2003
26388279070350|3012|2006
28587302322250|3016|2005
28587302322865|6803|2008
28587302324583|4940|2008
28587302324753|2207|2001
28587302324992|5188|2001
28587302325201|6044|2003
30786325580879|2179|2007
32985348835576|1858|1998
35184372089981|2385|2007
3528|5637|2005
2199023258437|3008|2005
2199023259439|1854|2007
4398046511779|7938|1999
4398046512362|2212|2004
6597069768087|5263|2001
6597069769040|1607|2006
6597069769310|2213|2003
6597069769600|2248|2001
8796093024588|5271|2006
8796093025305|5140|2003
13194139533584|3009|2006
13194139534279|5522|2010
15393162789009|6801|2004
19791209300882|5869|2008
24189255814130|6432|2000
26388279068735|5530|2010
28587302322247|6150|2001
30786325580319|2205|2002
32985348836535|4678|2002
35184372090192|5263|2001
1079|5483|2003
2199023258552|3009|2004
2199023259025|1641|2007
6597069767061|2206|2003
10995116279167|7954|2006
13194139533505|2207|2008
13194139535933|2214|2000
17592186044868|2207|2003
17592186047500|2977|2000
21990232556482|2279|2009
24189255811254|6557|2008
28587302325760|2385|2001
30786325579482|2279|2008
32985348833548|4946|2000
35184372092352|6665|2010
4398046511593|4952|2006
6597069766659|5986|2003
13194139535446|2210|2003
15393162789249|3498|1999
15393162791869|6556|2006
15393162792354|1765|2007
17592186044857|2212|2009
17592186047137|2830|2002
19791209300608|1633|2007
21990232556220|7951|2000
24189255813941|2205|2002
24189255813973|7946|2006
24189255814889|2208|2002
26388279067571|5167|2008
26388279068186|2832|2010
26388279069359|2434|2007
28587302322308|2647|2002
30786325580422|2439|2006
32985348833890|7941|2002
32985348834824|2211|2006
378|2830|2004
1222|4960|2006
2199023256437|2829|2001
2199023258848|5240|1999
4398046511424|6801|2007
4398046512376|1990|2009
4398046513943|2213|2002
8796093022492|6674|1999
8796093023133|1605|2001
8796093025055|1601|1999
10995116277765|1953|2009
15393162789983|2212|2001
15393162791641|5046|2003
15393162792409|4955|2010
19791209301833|6148|2010
19791209302425|2210|2005
21990232556010|3008|2001
21990232558432|4949|2006
21990232558496|4951|2008
24189255814567|5979|2003
26388279067551|3010|2000
26388279068863|3015|1999
26388279069956|2205|2006
26388279070023|1613|2001
28587302323281|6205|2007
28587302323992|3011|2000
30786325578988|6169|2010
30786325580376|4513|2006
30786325580396|4514|2004
32985348836606|3012|2010
35184372089323|1856|2008
2199023256049|3335|2001
2199023258191|2207|2007
4398046511587|1635|2010
6597069767415|1958|2006
6597069770198|7317|2006
10995116279978|5982|2004
13194139533834|3585|2002
13194139536141|2176|2008
13194139537109|2675|2003
15393162789093|6302|2002
15393162789604|4517|2010
15393162791360|5270|2000
15393162792145|5521|2008
15393162792237|3013|2005
17592186045572|1989|2010
17592186045862|2206|2001
17592186048298|1975|2009
19791209301990|5041|2010
21990232555611|3008|2002
21990232556897|7935|2001
26388279069182|5803|2002
26388279070010|2386|2002
26388279070479|5985|2003
28587302322294|2693|2000
28587302324309|2329|2007
28587302324631|6478|2006
28587302325776|5980|2000
30786325578617|5528|2003
32985348836975|1841|2002
2310|2984|2005
2199023256236|2207|2007
2199023257965|6670|2005
2199023258736|4929|2001
4398046512573|4515|2009
4398046514051|3013|2002
4398046514090|4993|2007
6597069766733|2827|2005
6597069770044|2214|2010
8796093023679|3008|2004
8796093025278|2488|2007
13194139533391|5866|2000
13194139533757|4591|2004
13194139536201|2302|1999
13194139537058|7894|2001
17592186046534|2214|2011
17592186047407|2832|2011
17592186048140|5981|1999
19791209300178|2208|2004
19791209303109|2207|2000
21990232558208|3015|2006
21990232558703|2208|2006
24189255811227|6150|2008
24189255813220|6798|1999
26388279066936|2211|2005
28587302325712|5165|2010
30786325579492|6436|2008
32985348836292|2210|2003
1184|6308|2005
2199023256427|3009|2003
2199023258871|3008|2012
4398046512844|6308|2001
4398046514225|6165|2001
8796093022983|2205|2002
8796093025131|3009|2008
8796093025512|5526|1999
13194139534142|3014|1999
13194139535700|6202|2003
13194139536619|2213|2000
15393162790096|6855|2003
15393162791447|5988|2005
15393162791751|6553|2002
17592186045133|3011|1999
17592186045567|6801|2003
17592186045945|4991|2007
17592186046393|5040|2004
19791209300595|5270|1999
19791209301252|6489|2007
19791209303472|3013|2000
21990232557399|2211|2003
24189255812629|2214|2005
24189255814564|1911|2003
26388279067560|4991|1998
26388279068195|1849|2002
26388279069199|6801|1999
26388279069872|2694|2003
28587302322950|2487|2002
28587302323577|1804|2007
28587302323975|7871|2011
28587302325681|2562|2003
30786325579941|5146|2011
30786325580446|3011|2009
32985348834961|2176|2006
32985348835035|4991|2006
32985348836952|2663|2010
3791|1583|2005
2199023257980|2214|2008
4398046511757|1955|2002
4398046514194|2830|2008
6597069766678|4742|2004
6597069766944|4589|2001
8796093023522|4517|2004
8796093024051|1990|2001
13194139533574|1601|2006
13194139536241|5234|2010
15393162789189|2450|2000
15393162790221|2699|2004
17592186044551|3012|2004
17592186048009|5168|2007
17592186048155|4519|2001
21990232555851|2521|2010
21990232558064|2210|2004
24189255812587|2987|2008
28587302322616|4991|2010
28587302322760|5988|2005
28587302325739|2206|2010
28587302326003|1601|2003
30786325579063|2832|2004
30786325580480|2211|2004
30786325580833|5144|2003
30786325580839|2209|2002
32985348834735|2381|1999
32985348835311|2830|2002
454|2832|2006
3587|2525|2003
2199023256576|3014|2009
4398046512306|2214|2002
4398046513164|6800|2002
4398046513273|5269|2003
4398046513345|1981|2008
4398046513353|5267|2001
6597069766821|3011|2009
6597069769118|1852|2006
6597069770334|5522|2005
8796093022611|2212|2003
8796093025287|5046|2001
8796093025603|6135|2000
10995116279144|4991|2002
13194139535632|5527|2009
15393162789514|3015|2000
15393162791199|6349|2002
19791209303061|6494|2008
19791209303331|3012|2010
21990232555639|2213|2004
24189255811574|2173|2008
24189255814535|6161|2008
26388279067708|2213|2010
26388279069573|2208|2000
28587302322814|5987|2001
28587302323296|4515|2003
28587302325633|1596|2010
30786325579604|5944|2008
30786325580421|6306|2008
30786325581118|2211|2008
32985348835828|1801|2010
35184372089375|2454|2004
94|3015|2000
1182|4378|2004
2608|2213|2004
2199023255922|3015|2005
2199023257863|2836|2003
2199023257930|5988|2005
2199023259304|2836|2002
4398046511389|1642|2004
4398046514966|5268|2008
8796093022887|2212|2004
8796093025291|5268|2006
8796093025560|2211|2007
10995116281060|6433|2003
13194139535089|1837|2006
13194139536497|2526|2003
15393162789219|4956|2007
17592186044425|1785|2004
19791209299984|5809|2007
19791209300147|2205|2001
19791209302909|5298|2006
19791209302926|5268|2003
24189255811381|6344|2004
24189255811677|5188|2002
24189255812374|1980|2004
24189255813228|3014|2003
26388279067047|4946|2003
26388279069784|6545|2003
26388279070362|2181|2009
28587302322631|6168|2004
28587302323591|5269|2007
32985348835402|3015|2006
32985348836711|3010|2005
1509|5144|2006
2199023258006|6150|2001
4398046513869|5234|2000
8796093022410|6202|2005
8796093022928|2206|2010
8796093024723|3015|2004
10995116278291|2831|2003
10995116280995|6308|2006
10995116281306|5988|2005
15393162791285|4518|2005
17592186045096|5523|2003
19791209301540|3009|2003
19791209302544|7952|2003
19791209303459|3007|2001
21990232557698|2206|2010
21990232557873|1981|2008
26388279066869|6441|2002
28587302322817|5808|2003
28587302325465|5522|2008
30786325578057|6479|2000
30786325578676|2453|2002
32985348833313|1596|2002
32985348834985|4665|2010
32985348834992|2211|2005
32985348835013|1801|2000
32985348835954|2211|2006
32985348836909|6149|2008
2002|7873|2006
3670|6134|2007
2199023256388|1850|2008
4398046514975|6304|2002
6597069768531|7895|2002
6597069769744|4514|2002
8796093024822|3008|2004
8796093025610|5045|2007
10995116279539|2205|2004
10995116281054|6176|2006
10995116281483|2214|2007
13194139534916|6616|2000
13194139535703|6170|2006
15393162790911|2207|2002
15393162791210|3011|2001
17592186045093|5271|2003
17592186045382|2450|2009
19791209300004|3008|2005
19791209300167|5265|2001
19791209301332|5046|2007
21990232556811|1852|2001
24189255812756|3011|2005
30786325580802|3012|2001
32985348833995|3015|2008
32985348834329|2833|2007
32985348835811|5981|2005
32985348836078|2697|2007
459|5169|2004
2199023255663|2205|2005
6597069768429|2991|1999
10995116278647|5235|2005
10995116279646|6757|2008
10995116279731|2561|2000
15393162791621|6434|2001
17592186046296|5941|2005
17592186047643|1852|2000
19791209301054|1854|2004
19791209301678|2949|2001
19791209302977|6798|2005
21990232556472|5265|2008
21990232558500|2206|2003
24189255812819|3013|2009
24189255814147|5523|2007
26388279067585|5943|2005
26388279067669|1856|2001
28587302323441|4943|2006
28587302323592|2438|2008
28587302323606|3836|2003
28587302324825|2214|2006
28587302325119|5988|2000
30786325578513|5171|2008
30786325579109|4980|2007
32985348837062|6346|2008
2199023257206|2522|2008
2199023258739|4996|2009
2199023259059|3010|2006
4398046513331|4744|2009
8796093025242|1981|2008
10995116278396|2209|2002
13194139534668|5950|2004
13194139535318|2831|2006
15393162790062|5168|2011
15393162791136|5985|2007
17592186045168|1816|2002
17592186047668|7892|2006
17592186047813|5190|2002
19791209300081|3308|2002
26388279067695|5945|2003
28587302324063|4512|2011
28587302325948|4997|2009
32985348836462|4514|2002
250|3012|2001
1490|6799|2005
2079|5275|2007
2199023256566|4516|2003
4398046512194|7892|2007
4398046512521|1601|2007
4398046514722|2211|2008
6597069767184|5046|2009
6597069768426|3009|2000
6597069769460|2213|2010
8796093022445|2214|2002
8796093023000|2208|2007
8796093023907|4748|2006
10995116279592|2206|2006
10995116280713|5186|2001
10995116281552|2205|2010
13194139536358|2247|2004
15393162790365|2690|2010
15393162791578|4516|2002
15393162792293|6672|2010
17592186046755|3014|2005
21990232556433|4953|2007
24189255811801|2483|2001
24189255813032|5044|2009
26388279067472|2827|2006
26388279067478|2211|2005
26388279069423|2453|2003
28587302322753|5235|2006
28587302323054|5864|2003
28587302325949|2352|2000
30786325578585|5267|2001
32985348835673|5984|2004
2343|5272|2010
2199023255817|6488|1999
2199023255855|1969|2008
4398046512206|2178|2001
4398046512649|2892|2004
4398046513827|6796|2008
8796093022582|1858|2003
8796093025105|6390|2004
10995116279328|6675|2005
13194139534652|1858|2003
13194139535959|1815|2010
15393162791400|1958|2003
17592186044461|5236|2008
17592186046016|2210|2009
17592186048078|4748|2002
17592186048252|2212|2010
19791209300483|5271|1999
19791209303645|4423|2009
21990232555834|5521|2001
24189255811275|2207|2005
24189255813125|5936|2006
26388279067906|4948|2004
28587302322286|6798|2007
28587302324474|5804|2009
30786325578088|3012|2003
30786325579584|2206|2004
30786325580979|2212|2002
1050|1787|2005
2874|3015|2008
2199023257063|2486|2001
2199023259308|7897|2002
6597069770057|4946|2001
8796093022789|2389|2010
8796093024390|3009|2005
10995116278541|6309|2001
10995116281397|3007|2002
15393162789529|3015|2010
15393162790801|2436|2007
19791209300405|5948|2001
19791209303788|5040|2007
21990232557903|1851|2007
21990232558836|5234|2011
24189255812765|2989|2006
24189255814688|2207|2003
28587302323035|3006|2006
28587302325632|3014|2007
30786325578292|4514|2002
30786325580699|1955|2004
32985348834092|5947|2006
2588|2436|2005
2199023256459|2178|2005
2199023256668|1851|2004
6597069767013|7893|2010
6597069767300|5526|2008
6597069769855|5043|2001
10995116278869|1595|2002
10995116279006|2209|2007
13194139536605|2456|2003
13194139537135|5044|2006
15393162789578|3007|1999
15393162792113|7895|2008
15393162792192|4678|2009
19791209300021|5268|2008
19791209302645|7876|2007
19791209302941|2205|2005
19791209303099|4905|2002
21990232556141|7893|2001
21990232557870|2388|1999
26388279066868|7870|2000
28587302325108|2206|2010
30786325579488|5270|2001
30786325581544|5265|2006
32985348834718|3014|2001
32985348834867|7954|2008
1481|4747|2008
3571|5155|2001
4398046513378|2699|2007
4398046513729|3010|2006
6597069768129|5042|2001
6597069769791|6605|2008
8796093023493|3010|1999
8796093025669|5945|2005
10995116280412|5035|2006
13194139534191|2213|2005
15393162789696|7731|2004
15393162789787|4946|2004
15393162789933|5948|2003
17592186045512|4750|2008
17592186045528|4750|2005
17592186047115|5040|2008
17592186047922|2647|2007
19791209302621|1981|2006
19791209303530|3006|2005
19791209303651|2207|2004
21990232557314|2207|2005
21990232557419|3011|2003
21990232558484|2987|2002
21990232558657|2833|2002
21990232558782|7945|2010
24189255813167|3010|2003
24189255813924|2209|2002
26388279068636|4672|2007
26388279069992|7862|2007
28587302324234|6801|2000
28587302324913|3009|2003
28587302325867|6435|1999
28587302326035|2382|2004
30786325577992|6394|2006
30786325578060|2214|2005
30786325580641|1852|2010
30786325581345|5530|2004
32985348835319|4517|2009
32985348835518|3013|2006
32985348837099|5962|2004
3315|4991|2000
2199023255953|2834|2002
6597069770194|2314|2007
8796093022541|2942|2008
10995116278652|3014|2007
10995116279521|3007|2009
10995116279833|4511|2006
10995116280426|4742|1999
13194139534354|2449|2007
13194139535602|5041|2001
15393162789850|2644|2006
15393162789951|2521|2003
15393162792240|2205|2000
15393162792614|6303|2003
17592186044686|2528|2000
17592186047638|5530|2004
19791209303342|2208|2007
21990232559360|2983|2007
24189255811707|2284|2004
24189255812361|5529|2006
24189255813356|5270|2001
24189255814606|5184|2010
24189255814716|2563|2005
26388279067183|3012|2006
26388279068296|1950|2008
26388279069833|5980|2002
28587302324430|6492|2005
28587302325706|2653|2008
30786325578794|4748|2010
30786325581380|3007|2007
32985348835448|7893|2008
1160|7894|2004
1549|3013|2001
1925|6149|2003
2163|7894|2007
2199023256472|1608|2005
2199023257621|3008|2006
2199023258040|2525|2003
4398046513291|2828|2007
4398046514140|1856|2003
10995116278980|1857|1998
10995116281277|2210|2009
13194139536353|2206|2005
15393162788893|2214|2004
15393162790510|3011|2002
17592186047543|4997|2007
21990232555617|3007|2001
21990232557681|6168|2005
21990232558726|2213|2008
24189255813276|5038|2006
26388279066664|1856|2007
26388279070041|6149|2000
30786325578286|6148|2001
30786325581562|5144|1999
1564|1853|2005
2370|2213|2001
2199023258573|5266|2003
2199023258752|5192|1998
6597069767433|7954|2001
6597069768792|5265|2010
8796093024683|5895|2007
10995116280161|3013|2002
15393162790005|3006|2003
15393162791553|1584|2004
17592186045334|6475|2005
17592186046811|6353|2008
19791209300020|4742|2002
19791209301290|4749|2008
21990232555658|5523|2000
21990232556469|7896|2007
21990232556605|3013|2005
21990232557266|7946|2007
21990232557454|4515|2002
21990232558510|6666|2004
21990232558783|2207|2008
24189255813885|1809|2002
24189255814669|6671|2008
26388279068009|4998|2001
26388279068150|6622|2007
26388279069265|7952|2001
26388279069922|3011|2010
32985348834326|6617|2008
32985348836344|2961|2005
267|4516|2004
2135|6168|2001
2783|6303|1998
3060|3012|2006
3336|6542|2009
2199023256097|2834|2008
2199023257232|7924|2005
4398046511163|3007|2001
4398046512162|1578|2003
4398046513285|5864|2003
4398046514978|1579|2006
6597069767226|3745|2004
6597069768549|2987|2007
6597069769429|2988|2009
6597069769708|7874|2003
6597069770462|5501|2003
8796093024821|3010|2008
8796093025505|5038|2003
10995116277995|4524|2006
10995116281434|5266|2009
13194139533320|1580|2001
13194139533653|3220|2003
13194139536036|2214|2007
15393162789699|3006|2006
15393162790582|3436|2005
15393162791145|5042|2003
15393162792452|2211|2002
17592186045813|2209|2003
17592186046908|3010|2011
19791209300479|2211|2005
26388279068074|2205|2009
26388279068352|4998|2002
26388279069964|6150|2000
26388279070332|7901|2002
28587302323193|2691|2000
28587302324107|5176|2000
32985348834027|3014|2010
32985348834174|6620|2007
32985348835569|4514|2005
32985348836334|2209|2008
2048|4510|2002
3688|2651|2007
2199023255685|4945|2007
2199023259339|3010|2003
4398046511395|3238|2004
4398046511822|2211|2005
4398046512548|5979|2008
4398046513805|4514|2009
8796093023034|1854|2009
8796093024144|3014|2004
10995116277882|3008|2003
10995116280828|4511|2009
13194139534420|1806|2009
13194139534938|4942|1999
13194139535625|5235|2007
15393162789081|4673|2003
15393162789162|1953|2003
15393162790014|5044|2000
15393162792543|2490|2000
15393162792734|3013|2004
17592186044691|2210|2006
19791209300326|2181|1999
19791209302529|5188|2000
21990232556882|3029|2009
24189255813953|6398|2005
24189255814078|2214|2005
28587302322527|4747|2004
28587302324873|3006|2006
28587302324938|4744|1998
28587302325414|6202|2011
30786325579101|6671|2004
30786325579690|6435|2006
30786325579720|5043|2001
30786325579849|2206|2010
30786325580949|7895|2007
32985348836496|4948|2004
32985348836805|2644|2009
939|5503|2007
3175|2452|2006
2199023257226|6391|2006
2199023258461|4580|2008
2199023258902|4593|2008
4398046512002|2209|2007
4398046513223|6310|2004
6597069769419|2214|2003
6597069770047|6113|2007
8796093023296|7901|2004
13194139534376|2360|2006
13194139534721|2691|2002
13194139534862|2943|2007
13194139536204|2207|1999
15393162792181|2388|2000
17592186045891|6494|2002
17592186046926|5870|2001
17592186047120|5986|2005
17592186047673|5804|2008
19791209300973|6803|2001
19791209301168|5943|2007
19791209301475|3006|2006
19791209301760|7896|2003
19791209302377|2083|2002
21990232558582|7894|2010
21990232559004|6308|2010
21990232559060|4664|2001
24189255814430|1804|2002
24189255814674|5527|2007
26388279066848|3011|2003
26388279068081|2206|2004
28587302323291|1811|2006
30786325579397|7898|2004
32985348833315|4929|2009
32985348835906|5867|2006
1753|5267|2009
2199023256456|3123|2009
2199023257034|1597|2001
2199023257448|3007|2000
4398046513098|6546|2000
4398046514348|4496|2009
6597069767620|3013|2000
10995116279387|2175|2007
10995116279933|6803|1999
10995116280723|3013|1999
13194139533433|6622|2005
13194139533859|5865|2001
13194139536067|1959|2009
13194139536388|2209|1999
19791209299986|6172|2001
19791209301132|2180|2003
19791209303409|2208|2007
24189255812045|5143|2005
24189255812607|4765|2010
24189255813115|3009|2000
24189255813579|5191|2009
24189255814137|2211|2002
26388279069003|5494|2001
28587302322288|3012|2005
28587302322763|2213|2012
28587302324058|7950|2003
28587302324070|4516|2008
28587302325774|3009|2004
28587302325834|2206|1999
30786325578455|5870|2009
30786325581208|1972|2008
30786325581343|2648|2008
32985348835199|2525|2005
35184372088899|5526|2003
2788|2830|2006
3453|6173|2004
2199023255760|7945|2000
2199023256718|7874|2003
2199023257724|2208|2011
2199023258743|6150|2001
4398046512904|2210|2002
4398046514081|6545|2002
10995116278268|7948|1999
10995116279193|6433|1999
10995116279270|3007|2004
10995116279501|2232|2007
13194139536557|6441|2005
15393162789214|5236|2007
15393162790398|7898|2002
15393162791946|2490|2004
19791209301883|2215|2008
21990232556982|1609|2005
21990232558309|2696|2001
24189255811500|5523|2007
24189255813968|2495|2000
26388279069006|6539|2007
26388279069095|2213|2007
30786325581061|1850|2003
32985348834301|7928|2005
32985348834536|2206|2001
32985348834937|6309|2004
619|2831|2003
3704|6150|2005
4398046511667|3007|2003
4398046513709|4940|2008
8796093025406|1854|2003
10995116281171|5981|2006
13194139537168|2325|2009
15393162789174|5043|2007
15393162789653|5143|2000
19791209300068|1607|2004
19791209300507|1806|2000
19791209302783|6390|2000
21990232556997|4991|1998
24189255812006|3006|2009
24189255812685|2438|2007
26388279067805|2211|2009
26388279068852|7894|2007
26388279069465|4518|2002
30786325577834|1850|2009
30786325577980|6183|2002
32985348833653|2386|2007
32985348835004|2212|2009
32985348835347|6668|2002
32985348835892|3011|2007
32985348836352|2210|2009
668|2699|2004
2199023256178|4745|2000
2199023256452|1641|2000
2199023256893|5271|2002
2199023259099|5046|2004
4398046511763|2470|1999
6597069768377|3009|2005
6597069769164|1811|2004
10995116278350|1578|2004
10995116278799|3006|2002
10995116280036|1855|1999
10995116281168|3014|2000
13194139534267|6483|2001
15393162788965|2834|2004
15393162789614|4665|2008
15393162791846|3014|2007
15393162792677|7951|2010
17592186044731|5157|2004
19791209301605|4511|2007
19791209302532|2211|2006
19791209303632|4996|2003
21990232555987|5044|2007
21990232556344|1838|2007
21990232556886|5500|2007
21990232557097|1784|2002
21990232557989|2832|2007
21990232558670|6624|2007
21990232558826|4750|2007
24189255811776|5266|2000
24189255812268|7948|2009
26388279067498|6673|2004
26388279067534|1855|2009
26388279068069|2987|2000
26388279070207|5173|2002
26388279070356|2207|2004
28587302322689|2650|2009
28587302323895|6487|2002
28587302325410|4748|2003
28587302325895|2987|2000
30786325581062|7868|2007
32985348835678|6306|2006
2165|1980|2002
3231|5984|2008
2199023256233|2432|2003
2199023258073|1958|2000
4398046513300|4516|2008
6597069768070|1814|2001
6597069768078|5236|2006
6597069768604|4747|2010
6597069769185|6674|2006
8796093024706|6486|2008
8796093025074|7895|2003
10995116279159|6797|2005
10995116280838|1983|2009
13194139533331|7953|2006
13194139535746|2945|2006
13194139535834|2648|2002
15393162789760|7900|2000
15393162790395|4949|1999
15393162791062|1985|2001
19791209303390|7876|2003
21990232555801|2310|2004
21990232557079|2206|2004
24189255811922|3007|2008
26388279068077|2210|1999
26388279069266|2212|2008
28587302324385|5038|2004
28587302325589|6440|2005
32985348834171|6493|2005
2199023256077|5236|2008
2199023256536|2647|2004
2199023258980|2448|2006
4398046512880|1580|2006
8796093026103|4748|2003
10995116278757|2207|2004
10995116279672|3008|2010
13194139535993|2305|1999
15393162789953|3007|2006
17592186047108|4951|2001
19791209300324|2828|2007
19791209301519|3014|2000
19791209302009|1840|2002
19791209302036|5979|2002
19791209302312|7953|2001
19791209303481|2695|2008
26388279067618|4143|2002
26388279069693|2453|2001
26388279070267|6805|2003
28587302322471|2981|2005
30786325577859|4747|2002
32985348835455|3012|2003
143|2941|2003
2194|5986|2002
2199023257287|5521|2011
2199023257653|4745|2006
4398046511290|1810|2001
4398046512440|2638|2002
6597069770389|2210|2000
8796093023893|3009|2008
10995116279192|3006|2005
13194139534076|1895|1999
15393162789010|4996|2006
15393162791186|2981|2005
17592186044459|3014|2005
17592186044732|7900|2002
17592186047529|5263|1998
19791209300831|2944|2008
19791209301780|5494|2004
19791209302829|3010|1999
21990232555531|2211|2002
24189255812380|1857|2010
24189255814175|6394|2007
26388279069268|6123|2007
26388279069695|2214|2007
30786325579121|4517|2001
30786325580709|6482|2003
30786325581382|6545|2011
30786325581486|2828|2003
3760|2205|2003
2199023256347|3006|2003
4398046513011|1980|1999
4398046513766|3008|2007
6597069766797|2213|2009
6597069767572|5455|2007
8796093023291|4951|2009
8796093024058|7722|2003
10995116278873|5040|2004
10995116279673|6474|2011
10995116279937|2353|2005
10995116280597|2207|2002
10995116281195|3008|2000
15393162789274|1857|2000
15393162790303|3514|2008
15393162790411|4751|2009
15393162791226|5042|2000
15393162791320|2209|2008
17592186046152|3733|2005
19791209301286|5950|2006
19791209301294|2495|2002
21990232557835|5979|2009
21990232559227|5949|2009
24189255814663|4502|2011
26388279066931|4991|2004
26388279068989|2558|2003
26388279069141|2438|2004
28587302324346|6309|2005
30786325580746|6619|2001
30786325580938|5172|2002
3500|5041|2000
2199023258120|1988|1999
4398046512999|5155|2000
6597069767868|2386|1999
6597069769095|4676|2003
10995116278636|2948|2008
15393162792423|4745|2002
17592186045089|6392|2005
17592186047354|1852|2006
19791209300990|2213|2004
19791209301546|3006|2005
19791209302326|3010|2003
21990232557476|1853|2007
21990232557520|2829|2009
24189255811726|1636|2005
24189255812657|2214|2004
24189255814875|6172|2001
26388279069780|4511|2005
28587302322327|1583|2007
28587302323722|1853|1998
28587302324173|4998|2008
28587302325132|6308|2006
28587302325842|6171|2002
30786325578109|3010|2001
30786325578224|6801|2005
32985348833537|6554|1999
32985348834284|5524|2007
1276|1984|2006
2199023256520|2210|2004
4398046513028|2212|2002
4398046513245|2449|2002
4398046513430|4676|2005
6597069767755|2483|2003
10995116278259|3007|2004
10995116278566|5154|2011
13194139533344|5047|2001
13194139534410|2436|2008
13194139537061|3011|2001
17592186047036|5985|2006
19791209302510|2555|1999
19791209303550|1978|2011
21990232558780|3008|2008
26388279067734|2206|2011
28587302323990|2207|2004
30786325577877|2561|2005
30786325578316|7954|2002
30786325579380|6149|2000
30786325580537|2206|2005
30786325580885|5234|2009
30786325581213|4511|2003
32985348833579|2831|2009
32985348835451|3014|2001
985|3013|2010
1125|1580|2005
2199023256881|6540|2009
2199023258179|7875|2005
4398046514566|6804|2010
4398046514593|5264|2002
6597069768154|2206|1999
6597069768236|2207|2000
6597069769456|2830|2010
6597069770245|1851|2006
10995116280002|5870|2008
10995116280730|1953|2002
10995116280938|1852|2008
10995116281649|5523|2002
13194139535543|5501|2004
15393162792026|2519|2002
17592186046530|3007|2003
19791209300656|5523|2006
19791209300830|1813|2006
19791209300839|4746|2002
19791209303205|7898|2006
21990232558189|6607|2008
24189255811312|5270|2001
24189255811566|7950|2000
26388279067897|2210|2005
26388279069097|4942|2000
26388279069410|6309|2002
28587302323985|4362|2009
28587302324659|1959|2005
28587302325873|7877|2009
30786325579755|3166|2009
30786325580189|6340|1998
32985348836723|2206|2006
1131|3239|2007
3120|6153|2000
2199023256086|2941|2001
2199023256321|6148|2005
4398046511845|2208|2004
6597069767125|7901|2001
8796093024950|3008|2008
10995116278269|2175|2001
13194139533427|2210|2002
13194139533535|3011|2006
13194139534234|2209|2000
15393162790920|6675|2002
15393162791569|2211|2006
17592186047563|2206|2003
19791209300402|6551|2003
24189255811876|7447|2004
24189255814881|7954|2002
26388279066764|6671|2004
28587302323579|4745|2009
28587302324497|6647|2001
28587302325579|1609|2004
28587302325768|3010|2002
30786325578485|2235|2006
30786325578938|2209|2000
30786325579451|5270|2001
32985348834519|1577|2003
32985348835899|5982|2006
2199023257627|5524|2005
2199023258791|5869|2010
4398046513883|1856|2009
6597069769142|3009|2006
8796093022438|7899|1999
8796093022574|7943|2000
8796093022765|3010|2004
8796093023199|2211|2009
8796093023903|5268|2003
10995116281521|5265|2001
13194139536450|1583|2007
15393162790022|2214|2008
17592186046852|4747|2001
17592186047129|1953|2008
19791209300845|6796|2007
21990232556713|5980|2004
21990232556988|2431|1999
21990232557749|2452|2002
21990232557808|1581|1999
24189255812669|5265|2002
24189255813195|5040|2004
24189255813588|2209|2008
26388279067066|6438|2005
26388279068895|2439|2004
28587302324427|3009|2004
30786325578362|2380|2006
32985348834682|5948|1998
32985348836005|1625|2007
2004|3967|2003
4398046512387|3011|2002
4398046512527|2831|2003
4398046513523|1611|2006
6597069768780|5865|2010
8796093026041|4516|2002
15393162791859|1981|2009
17592186045604|1854|2010
19791209301023|2209|1999
21990232557773|6368|2000
24189255812426|5047|2005
26388279067248|3012|1998
26388279067924|2209|2010
26388279069894|3049|2010
28587302324990|4991|2007
30786325578935|2525|2002
32985348834794|5528|2001
32985348835334|6369|2007
32985348835374|7892|2002
344|5986|2001
3522|5234|2004
2199023255987|2214|2007
2199023257311|1608|2002
2199023257682|5044|2001
2199023257890|6545|2001
2199023258975|4597|2006
4398046512492|6805|2001
4398046513174|3009|2010
4398046513186|7874|2002
6597069769205|2651|2000
8796093024648|1961|1998
10995116280019|6526|2002
10995116280366|2213|1998
15393162791004|5037|2001
17592186045594|3010|2004
17592186046363|5146|1999
17592186047640|7897|2007
17592186048147|7895|2001
19791209301496|3060|2006
19791209302313|5526|2005
19791209302403|4547|2007
21990232556463|5944|2003
21990232557507|3260|2004
26388279070318|3007|2000
28587302323783|4511|2005
28587302324174|4519|2009
30786325579455|1981|2006
30786325579577|4512|2001
32985348834036|5188|2010
471|2422|2010
2609|4748|2010
2199023255871|5187|2005
2199023256744|4944|2008
4398046514661|3013|2002
6597069767347|4209|2007
8796093022728|5187|2005
15393162790474|2210|2004
15393162792296|7898|2005
17592186045028|3013|2006
19791209299968|3011|2005
19791209301981|3008|2008
19791209303234|5981|1999
21990232556614|1800|2004
24189255812535|6163|2002
24189255813050|6149|2008
26388279068477|4517|2001
28587302322824|4743|2009
28587302323139|2454|2000
28587302323141|2441|2004
32985348834066|2452|2005
32985348835616|2488|2002
32985348836279|1803|2003
32985348836777|1855|2006
941|4516|1999
2199023258376|2653|2008
2199023258844|6169|2003
4398046511426|5265|2009
4398046514450|2206|2005
6597069767348|1613|2002
6597069769799|5042|2008
8796093024754|2211|2003
10995116280472|7871|2003
13194139536613|5046|2007
13194139536815|5270|2003
15393162789346|7755|2005
15393162792747|2652|2008
17592186047433|2207|2003
19791209303008|5160|2001
21990232558355|2647|2010
24189255813948|2435|2005
24189255814174|1856|1999
26388279067441|6546|2007
26388279068728|5265|2001
26388279069828|6432|2005
26388279070342|3010|2004
28587302322676|6796|2005
30786325578629|1855|2008
30786325579091|5984|1998
30786325580603|1953|2006
32985348834768|3014|2003
3055|5984|2001
2199023255949|1596|2004
6597069767904|4511|2010
6597069769371|5266|2005
8796093023851|2944|1998
10995116278796|4743|2007
10995116278912|5983|2008
13194139533440|3011|2001
13194139534913|6654|2003
15393162790476|3011|2003
17592186047079|2385|2005
17592186048021|2207|2004
19791209302193|6436|2009
21990232556302|6800|2000
24189255814718|1637|2008
26388279066885|5988|2006
26388279070197|2482|2008
28587302324038|3014|2002
28587302325624|7903|2005
28587302325984|4945|2011
32985348834570|5804|2004
1644|1984|2006
2191|2380|2009
2886|3012|2001
3779|1804|2008
2199023258117|1981|1999
6597069766914|6045|2006
6597069767635|2488|2007
6597069767668|5947|2005
8796093024039|5038|2008
8796093024864|2214|2002
8796093025528|2254|2001
13194139535014|7926|2003
13194139535443|2207|2004
17592186046466|4515|2005
19791209301676|3012|2004
21990232558925|5168|1998
26388279067760|2832|2007
26388279070235|2384|2008
28587302325012|2451|2006
30786325578600|2644|2006
32985348833434|5950|2003
32985348833702|4748|2008
32985348835254|3007|2006
2292|5979|2008
4398046511747|2369|2008
4398046513531|6493|2008
4398046513814|3008|2011
6597069766711|2439|2000
6597069767341|5947|2006
6597069768034|3012|2007
6597069769133|2207|2004
6597069770516|2559|2005
13194139535995|5042|2008
15393162791080|3013|2008
17592186045803|5941|2002
17592186046083|6149|2010
19791209303818|6199|2004
21990232556837|2206|2011
21990232557538|7907|2001
21990232558393|7895|2002
24189255812295|6308|2002
24189255813664|7942|2001
26388279067331|2213|2009
26388279069094|4746|2001
28587302324094|6441|2002
28587302325648|2355|2000
30786325578963|6038|2009
32985348833834|6171|2010
32985348834678|2213|2002
32985348835695|6799|2010
32985348836365|3015|2011
32985348836699|2213|2010
974|2835|2006
1829|4998|2003
3039|2205|2004
2199023255725|2210|2009
4398046511246|3823|2001
6597069767375|1612|2002
6597069768004|5044|2005
6597069768320|6197|1999
6597069768564|5264|1999
6597069768722|6542|2002
8796093022412|2829|2004
10995116279349|2523|2001
10995116280527|6492|1999
15393162789624|4516|2002
17592186047098|4516|2006
17592186047159|5529|2011
17592186047175|7953|2003
19791209301977|2387|2003
19791209302952|2214|2009
19791209303809|2205|2009
21990232557288|5046|2003
21990232558637|5174|2010
24189255811079|2208|2006
24189255813168|6473|2006
26388279067868|5266|2004
28587302325918|6205|2006
30786325578737|5526|2004
30786325579189|6433|2002
30786325579399|7897|1999
32985348833660|6639|2011
788|7901|2006
3682|6540|2001
2199023256634|6557|2001
2199023258090|6541|2002
4398046512142|2206|2008
4398046514115|2206|2000
6597069767887|2487|2003
6597069768056|3007|2002
6597069768782|4511|2009
8796093022946|7899|2000
8796093026085|6623|2005
10995116280156|5502|2007
13194139535027|7901|2004
15393162792376|4940|2003
17592186044943|1607|2005
17592186045645|6799|2004
17592186046849|4751|2004
19791209300199|5266|2010
19791209301911|4519|2005
21990232555571|4940|2007
21990232555686|1803|2006
21990232556992|3014|2003
26388279068721|5074|2001
28587302322524|5527|2004
28587302322854|5526|2002
28587302325030|3006|2009
28587302325292|4342|2001
32985348833438|5268|2006
32985348833979|6163|2006
32985348834576|5337|2006
32985348835122|7947|2004
1419|5487|2002
2030|5040|2007
3092|2210|2006
3825|2832|2009
2199023257753|7943|2008
6597069770089|5263|2009
6597069770337|5526|2007
8796093024296|5234|2004
8796093024494|6352|2002
10995116280493|6474|2005
19791209301112|5038|2010
21990232558558|2528|2006
24189255813022|2207|2003
28587302324102|6206|2010
28587302325144|5764|2004
32985348834334|5873|2003
32985348834723|4673|2002
32985348836635|3007|1999
35184372090183|6671|2002
35184372090930|2430|2005
709|5521|2011
2269|6199|2000
2199023257135|1980|2004
2199023257239|5984|2000
2199023258839|6148|2002
4398046511145|3010|2004
6597069766998|6323|2003
6597069767400|1607|2005
13194139533500|2828|2007
15393162788911|6346|2003
15393162789077|1851|1999
17592186046501|5043|2005
19791209301592|5805|2000
19791209301878|6799|2005
19791209302013|2205|2002
19791209302535|3015|2008
19791209303197|1854|2004
26388279067426|5982|2007
26388279067479|4845|2006
28587302323373|7893|2002
28587302324426|6482|2002
28587302325670|2694|2008
30786325578320|6541|2002
30786325579648|2427|2007
30786325581360|3008|2001
32985348836700|6123|2007
609|3012|2007
2199023255940|3006|2004
2199023258111|4596|2008
2199023258912|6424|2001
4398046512486|1980|2005
8796093022821|5039|2004
10995116278976|4512|2003
10995116280116|6604|2004
10995116280534|3010|2010
13194139533927|2208|2003
13194139534915|2205|2008
15393162789090|7896|2006
15393162789575|7899|2002
15393162792584|4672|2005
17592186047298|6803|2004
17592186047972|5646|2008
19791209301217|7946|2004
19791209303580|2831|2003
24189255814450|7951|2002
26388279067159|2554|2004
26388279067562|3006|2000
26388279068775|5522|2002
28587302323268|3007|2003
28587302324596|5267|2002
30786325579529|2485|2007
30786325579799|6618|2003
32985348835525|4947|1999
3764|5265|2000
2199023256351|2214|2002
4398046511185|5042|2002
8796093025994|2451|2001
10995116278925|4751|1999
10995116279661|6396|2004
10995116281153|1990|2010
13194139533588|2694|2010
13194139534548|2214|2000
13194139536934|2389|2010
15393162790438|2943|2008
15393162790462|4176|2008
19791209301102|6432|2003
19791209303405|7898|2002
19791209303757|2648|2002
21990232555771|5146|2005
21990232556263|2697|2000
24189255813517|1580|2006
26388279067862|4597|2004
26388279069766|2206|2008
28587302324835|6802|2007
28587302324954|2206|2004
28587302325298|1596|2002
30786325578075|2211|2003
30786325579731|2653|2004
32985348834655|5047|2002
32985348836204|4973|2008
32985348836215|5982|2003
2199023258028|5272|2002
2199023258944|2563|2000
4398046511241|2180|2003
4398046511592|5046|1999
6597069767274|3010|1999
6597069767432|3015|2008
8796093022449|2827|2005
13194139534161|2490|2005
13194139535092|4670|2002
13194139535970|2233|2005
17592186045408|5271|2010
17592186046392|2376|2006
19791209300634|5271|2002
21990232555524|7936|2007
21990232555958|1953|2009
24189255814002|7899|2008
26388279067581|1949|2000
26388279068427|1853|2007
26388279069919|3006|2000
28587302322870|5141|2002
30786325577977|5148|2000
30786325578245|2979|2006
30786325579401|5189|2003
30786325579579|6165|2006
32985348834423|1858|2005
32985348834483|2694|2000
32985348835137|2455|2005
3412|2209|2004
4398046511672|6151|2007
8796093023470|2180|1999
8796093024887|3013|2009
8796093025295|2383|2007
10995116281653|2483|2009
13194139533606|3006|1999
13194139535090|1869|2003
15393162789204|3012|2008
21990232556252|5494|2004
21990232556376|3008|2007
21990232557764|1851|2002
24189255812896|2207|2005
26388279069885|2650|2000
28587302325046|1955|2006
32985348833329|3008|2002
3454|2206|2002
2199023255688|5987|2001
4398046513546|6617|1999
8796093024675|5987|2005
8796093024734|2208|2002
8796093025783|2207|2009
8796093025992|5525|2006
10995116280592|5272|2002
13194139533482|1855|2001
13194139535801|1809|2008
15393162791624|6168|1999
17592186044439|6797|2009
17592186045497|4864|2003
17592186047786|2831|2005
19791209300504|6346|2005
19791209302776|1850|2006
21990232556429|2834|2006
21990232556761|2213|2001
21990232558091|1953|2003
24189255811171|2206|2000
24189255812001|2383|2004
24189255812047|1575|2001
26388279068220|2210|2007
26388279069792|6554|2006
28587302323136|5988|2008
30786325579297|3434|2004
30786325579880|2208|2001
2199023256524|5986|2004
4398046513850|4115|2007
6597069766720|2387|2002
8796093025552|3011|2004
8796093025833|3012|2005
10995116278525|2206|2001
10995116279564|5801|2007
10995116280727|1850|2003
10995116281228|1576|2010
10995116281470|4742|2005
13194139535456|2208|2000
13194139536407|2485|2000
15393162790223|6392|2004
15393162792052|2214|2002
19791209300317|1980|2007
19791209302942|2211|2000
21990232558899|3013|2008
24189255811277|2207|2008
24189255813215|2208|2002
24189255814068|2830|2002
26388279067108|2178|2003
26388279067637|2211|2008
26388279068526|2056|2002
26388279070049|2210|1999
26388279070463|4991|2003
28587302322530|1639|2000
28587302322548|5141|2008
28587302325381|6805|2008
32985348833478|5668|2005
32985348835870|2381|2004
32985348836100|4951|2008
683|1853|2006
1885|1627|2007
2197|2210|2004
2199023256776|3015|2009
2199023257889|1582|2008
4398046511180|6199|2011
4398046512001|2211|2006
4398046514056|5988|2005
6597069768951|2207|2006
8796093023237|6673|2007
8796093023668|3013|2011
10995116278236|2213|2006
10995116278308|6172|2004
10995116280061|2211|2004
10995116280491|3008|2002
10995116280563|3008|2006
10995116281656|1576|2009
13194139534270|3014|2000
13194139535418|5272|2009
13194139536622|1583|2006
13194139536898|4746|2001
15393162790639|2211|2002
15393162791608|5234|2002
17592186045573|3012|2002
21990232556847|4518|2005
24189255813553|2432|2007
26388279067378|3010|2000
26388279069224|4514|2006
28587302323701|5522|2005
28587302323855|5984|2007
30786325578608|5263|2003
30786325578896|2206|2001
30786325580290|3015|1999
32985348836085|3014|2002
2472|4942|2006
2199023258328|3013|2003
2199023258582|5980|2004
4398046513456|3006|2005
4398046513876|4438|2003
6597069769082|5803|2004
8796093023234|7894|2002
10995116278835|2211|2003
10995116279118|2832|2000
13194139536097|4991|2008
13194139536362|2173|2003
15393162789859|2209|2004
15393162791580|4512|2005
15393162791892|2646|1998
17592186045229|5458|2004
17592186047843|5148|2008
19791209300454|5171|2003
19791209301312|1637|2006
21990232556903|2209|2002
24189255811663|1962|2010
24189255813121|4695|2010
24189255814865|3010|2003
30786325580233|2528|2003
32985348833404|6463|2005
2519|1978|2009
2199023256280|3014|2004
8796093022970|4454|2007
10995116281205|3014|2007
13194139533469|2212|2004
13194139534229|7952|2006
13194139535758|4743|2000
15393162789111|4985|2008
17592186045261|2447|2001
17592186046876|1856|2010
19791209300091|5503|2003
19791209301600|3013|2005
19791209302521|5526|2004
19791209303325|2977|2001
19791209303491|2984|2001
21990232556916|3006|2000
21990232557037|1980|2002
21990232557237|5153|2007
21990232558080|4749|2007
26388279067796|5983|2007
28587302322552|3013|2005
28587302324912|4746|2000
28587302325901|2214|2007
870|2945|2005
932|1850|2003
1077|5188|2000
2199023256154|5523|2003
2199023256862|4845|2001
2199023257143|2987|2006
2199023259200|3008|2003
4398046511367|3013|2006
4398046512696|4515|2010
4398046513789|2210|2006
6597069767831|5527|2002
6597069768240|3012|2009
6597069770050|4939|2002
6597069770329|2978|2007
10995116279093|7897|2001
10995116280003|3013|2002
13194139533725|6552|2001
15393162789907|2833|2005
17592186046531|5982|2011
19791209300775|6798|2003
19791209301798|4592|2003
19791209303016|6432|2007
21990232556381|2652|2001
21990232559206|6473|2010
26388279069936|5947|1998
28587302325456|1853|2009
30786325580679|6476|1998
32985348833467|4575|2009
32985348834796|5530|2002
32985348835500|7893|2004
32985348835627|3014|2000
2199023256219|6407|2004
2199023256872|2453|2007
2199023257187|5496|2006
2199023257598|1851|2007
4398046511177|2206|2002
8796093022995|2388|2007
8796093023990|7900|2011
8796093025694|2197|2007
10995116278496|4991|2001
10995116279287|4743|2008
10995116280255|4519|2004
10995116280333|4940|2009
13194139533493|2451|2004
15393162790403|2383|2006
15393162790406|3013|2004
15393162792041|1800|2003
17592186044737|2206|2008
17592186046507|2384|1998
17592186046896|1856|2006
19791209300579|5802|2006
21990232555794|5047|2003
21990232556990|2212|2002
21990232557450|1969|2004
24189255814269|5040|2003
24189255814958|6164|2010
26388279067442|2205|1999
26388279070189|2832|2007
28587302323213|2828|1998
28587302324409|2212|2006
30786325577905|5040|2003
30786325578887|1854|2007
30786325581260|3009|2006
32985348833378|3015|2007
32985348833975|3007|2003
32985348835207|2214|2003
32985348836143|2205|2002
768|1955|2007
2199023257864|3014|2007
4398046514664|2637|2005
8796093023346|5501|2010
8796093023550|2943|2001
10995116278625|2455|2006
15393162788866|4519|2008
15393162792433|4744|2005
19791209303335|5522|2002
21990232556528|3006|2007
21990232558882|2209|2001
21990232558996|1980|2008
24189255813332|1611|2009
26388279067054|6800|2010
26388279070254|5240|2004
28587302324200|7871|2002
30786325580851|7901|2001
32985348836290|6347|2007
32985348836696|5035|2007
32985348836893|5044|2002
345|2455|2005
3539|3008|2004
4398046512397|3015|1998
4398046514443|4946|2008
6597069767242|7947|2007
6597069768524|3009|2007
8796093023825|5542|2007
8796093023919|5142|2005
8796093025675|2212|2002
10995116278336|1804|2002
10995116279273|7898|2009
10995116280686|3013|2011
13194139535620|2644|2006
17592186044729|5980|2003
17592186044994|2214|2008
17592186045212|3014|1998
17592186046524|2210|2003
26388279066948|1969|2004
26388279068495|2206|2003
26388279069959|3734|2007
28587302323385|3012|2008
28587302324213|5268|2000
28587302324910|6799|2009
32985348836025|4749|2005
35184372089449|6394|2006
35184372092050|2206|2011
1259|4968|2007
3748|2205|2007
3897|3006|2007
2199023256008|3011|2011
2199023257044|2387|2005
6597069767674|3012|2005
6597069768989|6666|2003
8796093023655|6802|2005
8796093023884|2212|2007
8796093024189|2209|1998
8796093025123|7892|2006
10995116277846|5046|2002
15393162790043|2878|2004
15393162790151|5171|2006
15393162791651|2834|2002
17592186044808|3008|2000
17592186044865|5686|1998
21990232557888|2401|2001
24189255811211|5164|2002
24189255813562|3044|2003
24189255814349|2208|2002
26388279068485|3013|2010
26388279069371|2211|2004
28587302322837|6149|2003
28587302323276|5266|2003
30786325580549|4743|2000
30786325580775|7897|2004
30786325581011|5187|2002
30786325581281|6801|1998
32985348834407|5264|2000
32985348834585|6552|2001
1933|5263|1999
2199023255821|4518|2005
2199023258728|5269|2003
4398046511322|6804|2006
6597069767732|6798|2003
8796093024836|6823|2004
10995116278627|6344|2006
15393162789076|6622|2002
15393162790754|3007|2005
15393162791567|4518|2002
19791209301121|2945|2003
19791209301139|2212|2007
19791209302513|1989|2006
21990232556787|2835|2000
21990232559204|4751|2007
21990232559411|3014|2008
24189255811116|5987|2006
26388279067685|2208|1999
26388279068324|5521|2003
28587302322597|7878|2002
28587302322946|3007|2007
30786325581030|3013|2003
30786325581441|5528|2012
32985348835852|7885|2006
32985348836287|3011|2011
32985348836556|6345|2005
3780|3012|2003
2199023256816|3014|2002
2199023258537|2209|2003
4398046511904|5988|2001
6597069767149|6439|2007
6597069767679|6149|2009
6597069767836|5867|2006
6597069770535|6186|2009
8796093023561|6002|2003
8796093023991|7893|2004
8796093024419|2214|2002
10995116278436|5063|2007
10995116278874|3012|2000
10995116281472|6617|1998
17592186047583|2832|2005
19791209300771|3009|2006
19791209303470|5527|2005
19791209303477|2209|2011
21990232558026|2832|2004
21990232559344|6483|1999
21990232559368|5521|2001
24189255811240|4592|2000
24189255811953|6554|2001
24189255812862|3009|2008
24189255812964|2523|2008
24189255814339|4512|2010
26388279068716|5982|2007
26388279068985|1854|2008
30786325578370|2829|2005
30786325579117|2209|2009
30786325579738|2834|2008
30786325580682|1988|2006
32985348833796|4991|2004
32985348835517|6805|1999
32985348835923|6437|2004
35184372090643|4243|2006
959|6197|2004
2698|5979|2006
3585|5167|2005
3627|4940|2001
2199023256586|5038|2010
2199023258445|6301|2005
4398046511332|2649|2005
4398046514685|5145|2008
6597069767301|1643|2010
6597069767359|2209|2003
6597069767457|2555|2001
6597069770017|7894|2011
8796093022668|2832|2011
13194139535697|5523|2003
15393162792715|7899|2004
17592186047707|6667|2005
19791209300828|3007|2004
19791209301329|2209|2006
19791209303571|1851|2002
21990232556642|4746|2003
21990232556891|6797|2002
21990232557366|5157|2001
24189255813181|1644|2006
26388279068331|2205|2003
26388279069055|5038|2004
28587302322743|7899|2009
32985348835185|4746|2008
3274|4513|2008
2199023256125|6199|2006
4398046511736|2298|2008
6597069768981|7873|2005
6597069769313|3059|2002
8796093025144|5122|2006
10995116279283|4992|2004
13194139533784|3923|2008
13194139534430|3008|2011
13194139535574|1957|2006
13194139536841|2523|2005
15393162789769|3007|2006
15393162790275|1851|2003
17592186045238|5942|2006
17592186046824|2690|1999
19791209300404|6461|2009
19791209301791|6801|2002
26388279066928|3008|2002
26388279068620|2829|2004
28587302324289|2211|2004
28587302325203|2211|2003
30786325580011|5143|2007
32985348834605|2207|2004
32985348835400|6148|2003
32985348836239|2456|2002
35184372092330|3008|1999
1847|3009|2000
2214|5987|2003
4398046511442|4519|2005
4398046513915|5264|2002
4398046514155|2209|2009
4398046514514|6309|2004
4398046514585|7893|2004
6597069767571|5263|2001
8796093023017|2836|2004
10995116281525|2211|2009
13194139533770|1849|2006
15393162790430|3013|2009
15393162790737|1807|2002
15393162791418|5981|2003
15393162791723|1961|2006
17592186045044|4529|2002
17592186047473|2214|2000
19791209301749|6541|2005
21990232555803|2977|2000
21990232556500|5523|2008
24189255812419|4518|2010
26388279067003|2206|2004
26388279069507|2438|2007
26388279069508|5805|2008
28587302323229|4750|2008
28587302324670|4936|2006
28587302325529|4598|2003
30786325580042|5263|2002
30786325580772|5847|2007
32985348833798|2449|2004
32985348835108|5165|2008
32985348836061|3006|2006
2199023257939|2300|2007
4398046514418|4947|1999
6597069766993|5185|2004
6597069767407|2210|2010
6597069767884|2527|2002
6597069768646|4401|2005
6597069769055|5172|2004
6597069769100|2209|2010
8796093024572|3008|2002
8796093024611|2833|2005
10995116279298|3015|2004
13194139534770|2211|2002
13194139535422|5265|2012
13194139537150|6480|2008
17592186047687|2208|2003
19791209300190|5267|2000
19791209301664|2207|2008
21990232556441|6475|2005
21990232556833|5529|2008
24189255813712|2206|2005
26388279066795|3012|2003
26388279068235|6801|2007
26388279068724|2207|2007
26388279070008|6128|2004
30786325579180|2213|1999
30786325580467|1743|2007
30786325580605|4991|2009
32985348835335|2242|2004
32985348836604|1635|2004
998|2178|2005
2199023257390|1944|2007
4398046514487|5268|2007
6597069768275|1581|2002
6597069768496|2940|2004
8796093022727|3011|2006
10995116278224|5497|2002
10995116281308|3012|2008
13194139536590|5527|2009
13194139537008|1806|2004
15393162790300|1578|2004
17592186044592|4669|2004
19791209301538|6476|2006
19791209302191|5271|2008
19791209302480|5001|2004
19791209302810|2690|2000
24189255813447|2368|2004
24189255814005|2211|2004
26388279067574|6166|2006
30786325578640|1958|2004
30786325579512|7900|2007
30786325579853|1808|2005
30786325581473|5046|2011
32985348833676|2206|2002
32985348834373|7892|2002
32985348835582|6148|2007
32985348835764|6439|2011
32985348835971|2181|2005
150|5040|2002
702|5046|2005
1793|6304|2001
1929|2830|2003
2530|5985|2005
2199023256310|3014|2007
2199023257630|6550|2007
2199023257736|4244|2003
4398046511257|6148|1999
4398046512662|1813|2002
4398046514989|2486|2007
6597069766719|2830|2005
6597069770471|4061|2002
6597069770520|6392|2005
8796093024014|5087|2003
10995116278210|7916|2005
10995116279596|3007|2001
15393162789655|1980|2008
15393162790167|4996|2001
17592186045085|4998|2005
19791209300572|2212|2002
19791209300874|4991|2003
19791209301543|4950|2000
21990232558884|7942|2003
26388279066830|6557|2006
26388279067561|6803|2006
26388279067910|5988|2000
26388279068034|3006|2003
26388279068113|5272|2000
26388279070031|6304|2003
28587302322939|1961|2008
28587302323964|7893|2006
28587302325083|3624|2009
30786325577964|1610|2005
35184372090770|2211|2007
2317|4748|2002
2199023257240|6487|2005
2199023259354|2666|2006
4398046513084|3009|2005
6597069768540|4751|2002
6597069769941|6301|2002
8796093024532|6801|2009
10995116278286|2292|2008
10995116280872|5983|2003
13194139533439|4747|2007
13194139536438|3012|2008
15393162791233|7892|2002
17592186045792|4747|2007
19791209301554|1854|2006
19791209302613|1768|2010
24189255814191|5141|2005
26388279067625|7896|2010
26388279069650|3009|2001
26388279070218|2172|2003
28587302323682|5521|2009
28587302325954|6396|1999
30786325579845|3009|2009
30786325580956|7898|2010
30786325580960|6348|2003
32985348836076|7875|1999
32985348836678|2209|2004
3730|2205|2006
2199023257517|4512|2005
4398046512303|3012|2008
4398046514676|3007|2008
6597069768394|5174|2008
6597069768560|2483|2010
8796093022369|3015|2002
8796093024640|6389|2004
8796093026038|6491|2002
10995116280446|1962|2003
10995116281207|2205|2002
17592186045549|2832|2010
17592186046182|2834|2008
17592186046943|2282|2009
19791209300159|5528|2003
19791209303127|3010|2011
21990232558057|6064|2007
21990232559334|7928|2009
24189255812246|2212|2002
24189255814924|3014|2000
26388279066662|5040|2004
28587302323283|3010|1999
32985348833794|6545|2002
32985348835354|4744|2006
