:START_ID(Person)|:END_ID(Place)
933|1353
1129|519
2199023256684|306
4398046512167|1062
6597069767117|1227
6597069770517|1378
8796093025056|1085
8796093025593|1113
10995116278700|879
10995116279792|726
10995116279952|620
10995116280047|793
10995116280480|553
13194139536109|1360
15393162791382|485
17592186045684|463
17592186048163|820
19791209301794|1195
21990232556027|968
21990232556585|785
21990232558653|370
21990232559044|918
24189255812290|724
24189255813101|350
24189255814220|1113
26388279066636|1073
28587302322727|876
30786325578904|1176
30786325580104|1208
2035|389
2099|793
3067|652
3601|116
2199023256181|139
2199023258430|1386
2199023258732|618
4398046511870|441
4398046513209|698
6597069766983|1247
8796093023060|1187
8796093024398|1075
8796093024830|163
13194139534485|841
13194139536519|303
13194139537106|1367
15393162792434|796
17592186046713|1104
17592186047759|383
17592186048261|1414
19791209300372|598
21990232558019|722
26388279067350|400
26388279068275|1045
26388279068856|1294
28587302322873|516
30786325578788|615
30786325580358|536
32985348834675|408
6597069770193|1259
8796093023143|1377
8796093023461|599
8796093024242|196
8796093024935|509
13194139533850|993
13194139536952|1361
15393162789992|200
15393162790562|1368
15393162790796|342
15393162790846|959
17592186044504|314
17592186044810|1014
19791209300058|934
19791209301789|1046
21990232556714|637
21990232557292|897
21990232557481|1165
21990232559223|1327
26388279068731|138
28587302322741|568
28587302325163|451
30786325580343|708
30786325581370|856
32985348833558|617
32985348835088|1096
32985348835805|567
35184372091310|1206
1922|1401
2199023257128|393
4398046512764|1162
4398046513754|1342
4398046514546|1278
6597069766961|1262
6597069769604|901
8796093022367|1343
8796093022641|921
8796093022764|384
8796093023138|1310
10995116280508|675
10995116280587|325
10995116281275|256
15393162789410|834
17592186046185|1121
17592186046758|940
17592186046830|1426
17592186047319|497
17592186047743|1158
19791209301403|902
19791209301577|640
19791209301717|279
21990232555940|391
24189255811398|1064
24189255813494|1434
24189255814438|994
24189255814765|777
26388279069549|1020
26388279069739|235
28587302322686|1078
30786325579136|969
30786325581540|1046
32985348833849|1273
32985348836386|350
32985348836714|1297
1845|537
2199023257371|1069
4398046511463|567
4398046512636|582
4398046513254|1220
6597069766695|858
6597069767625|929
6597069769535|1381
8796093022467|760
8796093024736|854
10995116281374|153
13194139533332|531
13194139533589|1105
13194139535371|1125
13194139536738|726
15393162789707|442
15393162792273|709
19791209303604|361
21990232556536|1104
24189255811694|1211
24189255812103|726
24189255813658|1147
26388279068740|1131
26388279069158|970
26388279070293|933
28587302325316|954
28587302325591|1108
30786325577812|1420
30786325577960|1168
30786325578795|689
30786325579035|1152
30786325579119|1035
32985348834262|975
32985348834823|1058
32985348835115|396
65|1203
2329|414
2845|1377
3247|1126
3606|1381
2199023255981|851
2199023256530|1039
2199023258280|1320
2199023259063|957
4398046511535|1258
4398046512826|418
6597069768287|819
10995116278915|502
10995116279491|1258
10995116280436|416
13194139535450|1423
13194139535878|251
13194139536061|1014
15393162789569|1396
17592186044824|268
17592186045865|306
17592186045981|1192
17592186047318|997
17592186047761|1159
19791209300474|939
19791209300739|347
19791209301463|1082
19791209302057|721
21990232556180|1377
21990232558419|1167
21990232558990|477
24189255813058|278
26388279068269|482
28587302322281|226
28587302322755|454
30786325579545|1349
32985348833679|1342
32985348833686|593
32985348835269|337
32985348835589|1210
32985348836807|296
32985348837090|148
35184372090589|168
35184372091820|477
1219|1140
1791|494
3217|1127
2199023257297|1313
2199023258066|770
2199023258456|511
2199023258908|297
4398046513334|1304
6597069768567|625
8796093022290|1225
8796093023634|426
8796093024710|1245
8796093025306|458
8796093025492|1277
8796093025516|1260
10995116279585|277
10995116281487|234
13194139535313|855
15393162789560|112
15393162791475|944
17592186044532|265
17592186044568|494
17592186045583|1306
17592186047267|1165
17592186047327|592
17592186047602|834
19791209300796|591
21990232556771|1252
21990232557176|1397
21990232559210|998
24189255813453|520
24189255814531|1393
26388279067039|811
26388279070512|886
28587302325064|885
30786325578784|421
30786325579908|1024
30786325580114|283
30786325580428|959
30786325580547|674
32985348836180|643
3325|759
2199023255747|287
2199023257284|942
2199023257348|1262
2199023258134|416
4398046513032|603
4398046513938|1002
4398046514136|1382
8796093023215|543
8796093025304|1325
10995116279705|741
10995116281629|134
13194139533648|238
13194139533912|612
13194139534520|574
15393162789226|1165
17592186045370|1130
17592186045646|877
17592186047200|1220
21990232557294|1368
26388279068705|1258
26388279070079|1140
28587302322718|1128
28587302324945|555
28587302325040|434
30786325578724|713
30786325579394|765
2199023256405|155
2199023256919|651
4398046512818|651
4398046514951|1433
6597069768005|801
6597069768934|993
6597069768956|625
6597069769478|1339
10995116278292|619
10995116278973|1174
10995116279272|712
10995116281209|1317
10995116281248|192
10995116281419|1279
10995116281609|1335
13194139534836|719
13194139535032|868
13194139536457|549
15393162791500|1052
17592186046041|968
17592186046788|890
19791209301138|317
19791209303059|1376
19791209303129|224
19791209303437|744
21990232555627|1178
21990232556947|1338
21990232557823|1178
21990232559412|1115
24189255812755|590
26388279068372|671
26388279070070|413
28587302322627|800
28587302325811|717
30786325580021|1396
893|487
3631|147
2199023256689|1151
2199023257296|1012
2199023258794|1378
2199023258806|829
2199023259220|127
4398046513018|258
4398046513129|641
4398046513551|404
4398046513806|1349
6597069767495|824
6597069770413|722
10995116277924|618
13194139534927|684
15393162790078|655
15393162790827|643
15393162791355|710
17592186047089|1028
19791209300852|362
21990232555895|912
21990232556476|1271
21990232558067|615
28587302325169|1175
30786325579215|1126
32985348833559|924
32985348834096|340
32985348836610|494
32985348836980|484
2199023257545|256
2199023258242|1436
4398046512267|1014
4398046512578|1288
4398046513283|448
4398046513833|603
6597069767747|1015
8796093023613|1331
10995116278281|1163
10995116278453|902
10995116278785|1414
10995116281048|368
13194139534569|1442
13194139534853|790
13194139535287|603
15393162789103|1433
15393162789349|1409
17592186047246|1333
17592186048044|906
17592186048310|708
19791209300631|216
19791209301229|571
19791209302436|619
19791209303133|439
19791209303735|612
21990232557489|427
21990232557705|1016
21990232558849|1210
21990232558871|684
24189255812580|1060
24189255812857|641
26388279069382|562
28587302323655|509
30786325578056|1392
30786325579148|885
32985348835447|797
32985348835762|1385
555|425
1434|1285
2199023256403|130
4398046511628|1307
4398046513647|298
4398046514779|423
6597069769378|581
6597069769920|112
8796093024559|1398
8796093024637|1343
8796093024837|986
8796093025828|362
8796093026107|451
13194139533460|436
13194139533792|804
13194139534257|589
13194139536306|1261
13194139536501|402
17592186044519|1181
17592186046401|1340
19791209300124|1416
19791209302163|1045
19791209302836|1143
21990232555753|1385
21990232557730|1332
21990232558439|1085
24189255811862|1097
24189255812574|805
24189255812733|748
24189255812802|1366
24189255813943|335
24189255814337|1162
26388279069203|1261
28587302323934|1029
30786325578144|1221
30786325578231|1016
32985348835991|656
32985348836120|1144
1874|163
2304|628
3219|1289
2199023255869|1262
4398046511154|1301
4398046512637|897
8796093022386|1215
8796093023506|787
8796093024089|983
8796093025530|1048
10995116280797|375
13194139533523|1140
13194139534332|305
13194139536419|742
13194139536902|517
13194139536961|475
15393162788865|1147
15393162790904|614
15393162791496|1099
17592186044605|484
21990232557420|1082
21990232557756|1328
24189255811103|605
24189255811719|1119
24189255811782|1301
24189255812105|315
26388279066717|976
26388279066958|922
26388279067671|890
28587302323020|936
28587302325551|1337
32985348835100|158
32985348836491|258
35184372092707|897
1909|389
2199023256300|1033
2199023257977|1333
2199023258212|231
2199023259363|1055
4398046514157|860
4398046514618|1158
6597069766964|605
6597069768050|353
8796093022392|945
8796093022423|1238
8796093024749|611
8796093024759|473
10995116278554|410
10995116278570|336
10995116280941|684
13194139533432|1248
13194139534384|1444
13194139535568|1034
13194139536106|693
15393162790101|1303
15393162791204|315
15393162792600|1338
17592186045019|703
17592186045074|253
19791209301454|1180
21990232556497|1340
24189255813217|1229
24189255814524|1437
24189255814752|718
26388279068864|877
26388279069515|261
26388279069942|523
26388279070275|470
28587302324393|1043
28587302325910|777
28587302325939|1335
30786325578670|796
30786325580338|1090
30786325581383|1445
32985348834776|401
1103|1410
3331|1308
3558|1008
2199023256363|805
4398046511937|1219
4398046514484|113
6597069766725|695
6597069767686|511
6597069769317|909
6597069769909|292
8796093025751|1339
10995116277820|634
10995116278238|835
10995116280896|1238
10995116281261|847
13194139533618|426
13194139534803|537
13194139534816|957
13194139534982|568
13194139535717|1297
13194139537169|548
15393162791313|1282
15393162791907|312
17592186045360|617
17592186046846|1085
17592186047971|362
19791209300625|591
19791209301201|1102
21990232557038|376
21990232558713|1021
24189255811654|796
24189255811940|146
24189255814409|613
26388279067627|1216
26388279069947|1279
28587302322372|1151
28587302324129|465
28587302325727|138
30786325580437|1440
32985348834019|782
32985348835356|1126
35184372091040|121
3676|684
2199023255660|1242
2199023258479|1087
2199023259258|782
6597069768324|1266
6597069770264|1069
8796093022634|805
8796093023519|1273
8796093024687|407
8796093024878|490
10995116279823|865
10995116279966|413
10995116280870|718
13194139535875|1047
15393162789262|968
15393162791897|1441
15393162792030|478
15393162792175|1351
15393162792416|350
17592186047947|489
19791209302058|817
19791209302584|273
19791209302599|775
19791209302972|1320
21990232556725|314
21990232557562|457
21990232557875|1266
24189255812924|1070
24189255814441|1195
24189255814476|1144
24189255814486|1009
26388279069034|625
26388279070200|149
30786325580251|1025
30786325580508|997
2199023258364|957
4398046511338|535
4398046512338|146
4398046513253|277
6597069768822|1095
6597069770100|1240
8796093025148|932
8796093025996|936
10995116278300|370
10995116279437|1064
10995116280720|943
13194139535252|334
13194139536145|422
13194139536331|1343
13194139536461|1261
13194139536845|1292
15393162789746|1163
15393162789923|999
15393162789932|1011
15393162790207|905
15393162790885|608
17592186044864|464
17592186045340|251
17592186047020|332
19791209300370|276
21990232555889|415
21990232558274|309
24189255811086|1166
26388279067813|1209
26388279068053|572
26388279068206|1018
26388279068635|933
26388279070243|521
28587302325553|1084
30786325579016|1390
30786325579247|266
30786325580379|802
30786325580460|1330
32985348836967|582
35184372091801|687
512|478
1269|133
1726|786
1734|802
2862|923
2199023258011|1123
4398046512854|1024
4398046513374|423
4398046514167|459
6597069769226|1252
6597069769397|959
8796093024366|938
8796093025431|1208
10995116279039|670
10995116281564|1022
13194139533909|438
13194139535589|123
13194139536555|1427
15393162792641|1183
17592186047698|860
17592186048248|1439
19791209302055|890
19791209303024|1092
19791209303315|1382
24189255813016|1076
26388279067512|255
26388279067871|469
26388279068756|462
26388279069653|971
26388279069723|1064
28587302322515|964
28587302323673|1341
28587302324133|1315
30786325579003|1423
32985348833314|972
32985348834004|192
32985348834943|1443
32985348837008|844
32985348837023|1441
407|798
1573|528
2052|529
2199023255637|423
2199023257261|674
2199023258458|400
4398046511152|1249
4398046512356|449
4398046512820|782
4398046514855|1099
6597069767067|537
6597069767377|257
6597069767708|1318
8796093024507|136
8796093025978|819
10995116278981|262
10995116281603|720
13194139534593|367
15393162791421|481
17592186045748|1422
17592186046362|1069
17592186047133|778
19791209301284|1415
19791209301529|204
21990232556166|276
21990232558291|835
21990232558980|321
24189255811234|965
24189255812364|985
26388279067147|1164
26388279069042|1015
26388279069462|1069
26388279070247|966
28587302322809|487
28587302325401|939
30786325580454|551
30786325581203|275
32985348834360|1014
32985348836884|1134
32985348837065|263
1242|1363
2817|385
4398046511884|642
4398046514948|231
8796093022409|1416
8796093025804|1107
10995116281495|1386
13194139534382|672
13194139534624|342
13194139536063|1332
15393162790472|1074
15393162792473|1045
19791209300151|708
19791209301239|465
24189255813669|427
26388279068176|466
26388279068264|179
26388279069892|1387
28587302324599|950
28587302324619|1394
30786325581206|340
32985348833887|324
32985348834530|1199
32985348834919|291
32985348835117|1244
32985348836848|366
102|1205
987|1266
1921|1107
2266|1406
3755|1296
2199023256609|1432
4398046511467|1101
4398046512201|1062
4398046512759|285
4398046513700|462
6597069766938|1197
6597069769120|428
8796093022368|826
8796093025410|132
10995116279629|191
10995116279780|525
10995116280604|1124
10995116281407|1192
13194139534340|1080
13194139535778|509
13194139535901|1114
13194139537188|292
15393162790090|1446
15393162790818|976
19791209300787|1271
19791209301809|1446
21990232556621|275
24189255811817|165
24189255814280|262
24189255814809|209
26388279067771|225
28587302324770|983
28587302325036|1375
30786325579940|925
32985348833931|951
32985348834873|1131
32985348834930|267
367|180
465|346
1355|989
2706|1168
3309|723
2199023257072|1061
2199023257716|414
2199023258410|927
2199023259215|541
4398046513367|1243
4398046513541|683
4398046513872|985
4398046514819|1426
4398046514922|1191
8796093025409|864
10995116278730|491
13194139533817|769
13194139535511|1081
13194139536470|885
13194139536794|524
13194139537192|539
15393162789401|1189
15393162790400|572
17592186045976|237
17592186046218|502
17592186046368|753
19791209299993|1177
19791209300961|413
21990232559158|790
24189255811455|810
24189255811906|636
24189255813100|1210
24189255813134|361
24189255813156|719
24189255814145|280
24189255814900|451
24189255814901|580
26388279067532|1381
26388279068701|359
28587302322431|597
28587302325640|409
30786325580099|630
30786325580642|520
32985348834013|536
1984|1248
2186|1346
2792|1023
2199023258991|1037
4398046512890|133
4398046513372|1075
6597069770455|182
8796093022647|1194
8796093022909|525
10995116279227|196
10995116279620|446
15393162789112|1345
17592186045005|541
19791209300143|425
19791209302341|199
21990232556491|338
24189255811746|1379
24189255813469|334
24189255814087|756
26388279066738|930
26388279066989|363
26388279068707|1440
26388279068827|1337
26388279069137|266
26388279069978|455
28587302322553|1386
28587302322565|745
28587302324043|676
28587302326060|853
30786325580521|149
30786325581563|1087
318|1204
3212|1046
3716|915
2199023255558|411
2199023256593|274
2199023258155|276
4398046511734|559
4398046511962|1156
4398046512720|767
6597069769280|313
8796093024671|815
8796093025734|162
10995116279125|1041
10995116279846|631
10995116280119|232
10995116280271|1007
15393162789489|1254
17592186045739|189
17592186046314|1204
17592186046681|1247
19791209302379|772
21990232555586|177
21990232556410|662
21990232556826|451
21990232556900|1295
21990232557754|226
21990232558666|481
21990232558891|716
24189255811155|853
24189255811164|1322
24189255812662|705
24189255813044|1131
24189255813174|1390
26388279068813|1246
26388279069209|1265
26388279069753|1298
28587302324494|218
28587302325422|1049
28587302325627|1242
30786325581117|129
32985348835135|1423
32985348835231|1123
32985348836997|656
238|1410
2199023256277|550
4398046512603|679
4398046513637|830
4398046513906|785
6597069768305|1364
6597069769502|704
6597069770233|982
8796093024708|373
8796093024809|640
8796093025200|1205
8796093025467|890
10995116279887|237
15393162790921|1398
17592186044494|1151
17592186045693|363
17592186048288|1161
19791209303273|1122
24189255814682|841
28587302323431|635
28587302325802|886
30786325578568|750
30786325581128|609
32985348833546|1364
32985348836147|685
3722|1140
2199023257754|975
4398046512221|1150
4398046512568|677
4398046512737|839
4398046512766|858
4398046513464|760
4398046514324|781
6597069766693|407
6597069766846|958
6597069770341|746
8796093022325|1005
8796093024336|1322
8796093024408|461
10995116278031|618
10995116278234|118
10995116279040|708
10995116279599|327
10995116279632|932
13194139534185|520
13194139535025|499
13194139536019|539
13194139536254|1256
13194139536811|948
15393162788922|1208
15393162789792|259
17592186046172|634
17592186046674|719
17592186047272|786
21990232555934|289
21990232559086|170
24189255811099|1282
24189255812877|931
24189255813086|753
24189255813921|296
24189255813966|955
24189255814011|366
28587302323642|118
28587302324192|820
30786325581549|826
32985348833536|1136
32985348834523|276
1148|1076
2307|848
3661|1197
2199023256298|1018
2199023258721|798
4398046513246|198
6597069768211|1194
6597069768671|547
8796093022938|167
8796093023577|620
8796093024337|169
10995116278264|223
10995116278320|1394
10995116280377|1424
13194139533533|488
13194139535930|920
13194139537011|909
17592186045551|772
17592186047926|1423
19791209300463|348
19791209302957|515
19791209303138|405
24189255811315|1404
26388279068490|1056
26388279069561|211
26388279070350|180
28587302322250|235
28587302322865|876
28587302324583|1186
28587302324753|483
28587302324992|1247
28587302325201|846
28587302325694|485
30786325578711|1251
30786325580879|1057
32985348835576|592
32985348836434|186
35184372089981|1064
3528|820
2199023258437|272
2199023259439|558
4398046511779|554
4398046512362|414
6597069768087|788
6597069769040|973
6597069769310|320
6597069769600|347
8796093023560|225
8796093024588|790
8796093025305|1221
10995116278468|1370
10995116280017|1263
13194139533584|255
13194139534279|824
15393162789009|906
19791209300882|1295
24189255813287|157
24189255814130|1168
26388279068735|813
28587302322247|1321
30786325580319|454
32985348836535|1168
35184372090192|769
1079|775
3705|440
2199023258552|180
2199023259025|985
4398046512902|234
6597069767061|484
6597069769386|905
10995116279167|1452
13194139533505|385
13194139535933|458
15393162789987|917
17592186044868|411
17592186047500|521
21990232556482|422
21990232557970|952
21990232558392|123
24189255811254|1411
28587302325760|1062
30786325579482|330
32985348833548|1182
35184372092352|1420
3372|819
4398046511593|1189
6597069766659|866
6597069767398|1032
8796093025371|951
13194139534578|126
13194139535446|507
15393162789249|172
15393162791869|1405
15393162792354|509
15393162792459|922
17592186044857|403
17592186047137|601
19791209300608|972
21990232556220|1452
24189255813941|370
24189255813973|1443
24189255814728|980
24189255814889|386
26388279067571|1242
26388279068186|625
26388279069359|1075
28587302322308|1122
28587302324576|852
30786325580422|1070
32985348833865|427
32985348833890|1439
32985348834053|904
32985348834824|338
32985348836506|1295
378|608
1222|1194
3192|125
2199023256437|598
2199023258848|537
4398046511424|898
4398046512376|1022
4398046513943|397
8796093022492|1425
8796093023133|978
8796093025055|961
10995116277765|1014
15393162789983|475
15393162791641|728
15393162792409|1196
19791209301833|1320
19791209302425|380
19791209302492|296
21990232556010|274
21990232556299|664
21990232557741|1069
21990232558432|1196
21990232558496|1192
24189255814567|854
26388279067358|418
26388279067551|226
26388279068863|284
26388279069956|431
26388279070023|978
28587302323281|1342
28587302323992|295
30786325578988|1327
30786325580376|655
30786325580396|659
32985348836454|1419
32985348836606|178
35184372089323|586
2199023256049|123
2199023258191|424
4398046511587|981
4398046514193|1365
6597069767415|1011
6597069770198|875
10995116279978|834
13194139533834|240
13194139536141|1053
13194139537109|520
15393162789093|1345
15393162789604|651
15393162791360|768
15393162792145|824
15393162792237|303
17592186045572|1028
17592186045862|436
17592186048298|1039
19791209301990|725
21990232555611|126
21990232556897|554
26388279069182|1284
26388279070010|1063
26388279070479|860
28587302322294|1130
28587302324309|325
28587302324631|1380
28587302325776|844
30786325577752|388
30786325578617|827
32985348836975|512
976|305
2310|1157
2199023256236|393
2199023257965|1425
2199023258230|252
2199023258736|524
4398046512573|638
4398046514051|161
4398046514090|1212
6597069766733|605
6597069770044|390
8796093022297|280
8796093023679|141
8796093025278|1095
13194139533391|1292
13194139533757|1160
13194139536094|527
13194139536201|422
13194139537058|930
15393162791973|1233
17592186046534|442
17592186047407|612
17592186048140|863
19791209300178|445
19791209303109|449
21990232558208|244
21990232558523|958
21990232558703|456
24189255811227|1321
24189255812053|1017
24189255813220|893
24189255813925|1334
26388279066936|398
26388279069602|902
28587302325712|534
30786325579492|1299
32985348836292|399
1184|1347
2199023256427|270
2199023258871|262
4398046512844|1348
4398046514225|1326
8796093022983|460
8796093025131|248
8796093025512|819
13194139534142|267
13194139535700|1334
13194139536619|476
15393162789228|1326
15393162790096|879
15393162791447|859
15393162791751|1403
17592186045133|185
17592186045567|903
17592186045945|1199
17592186046393|752
19791209300595|764
19791209301252|1391
19791209303472|199
21990232557399|423
24189255812629|411
24189255812890|418
24189255814564|567
26388279067560|1203
26388279067849|561
26388279068195|572
26388279068783|952
26388279069199|882
26388279069872|1129
28587302322950|1093
28587302323577|992
28587302323975|1429
28587302325681|1112
30786325579330|622
30786325579941|1223
30786325580446|294
32985348834961|1058
32985348835035|1206
32985348836952|1127
3791|952
2199023256031|1050
2199023256742|323
2199023257980|482
4398046511757|1017
4398046514194|617
6597069766678|699
6597069766944|1160
6597069768504|821
8796093023522|669
8796093023866|1439
8796093024051|1026
10995116278142|1042
10995116280586|623
13194139533574|960
13194139536241|1266
15393162789189|1088
15393162790221|1131
15393162792633|626
17592186044551|164
17592186048009|1241
17592186048155|668
21990232555851|1107
21990232558064|349
24189255812587|1152
24189255813524|1166
26388279068494|209
28587302322616|1203
28587302322760|837
28587302325739|450
28587302326003|573
30786325579063|604
30786325580480|449
30786325580833|1222
30786325580839|468
32985348834735|1062
32985348835311|617
454|596
3587|1104
2199023256576|274
4398046512306|432
4398046513164|901
4398046513273|754
4398046513345|1043
4398046513353|786
4398046514525|263
6597069766821|126
6597069769118|581
6597069770334|818
8796093022611|366
8796093023897|325
8796093024354|436
8796093025287|732
8796093025603|546
10995116279144|1201
13194139535632|828
15393162789514|290
15393162791199|1362
19791209303061|1388
19791209303331|217
21990232555639|443
24189255811574|1055
24189255814535|549
26388279067708|449
26388279069573|495
28587302322814|844
28587302323296|667
28587302325633|966
30786325579604|1305
30786325580302|1420
30786325580421|1345
30786325581118|447
32985348835828|995
35184372089375|1086
94|135
1182|285
2285|401
2608|352
2199023255922|308
2199023257863|632
2199023257930|842
2199023259304|606
4398046511389|980
4398046511596|495
4398046514966|758
8796093022661|212
8796093022887|399
8796093025291|771
8796093025560|321
10995116281060|1304
13194139535089|511
13194139536497|1100
15393162789219|1195
17592186044425|510
17592186047812|449
19791209299984|1284
19791209300147|426
19791209302909|791
19791209302926|781
24189255811381|1360
24189255811677|1248
24189255812374|1040
24189255813228|174
26388279067047|1186
26388279069784|1398
26388279070362|1057
28587302322631|1329
28587302323591|783
28587302324814|373
32985348834107|512
32985348835402|267
32985348836711|112
1509|1226
2199023258006|1320
4398046513869|1260
4398046514905|134
8796093022410|1342
8796093022928|463
8796093023539|1253
8796093024723|112
10995116278291|599
10995116280995|1352
10995116281306|868
15393162791285|667
15393162792717|131
17592186045096|819
19791209301540|199
19791209302544|1451
19791209303459|271
21990232557698|386
21990232557873|1048
26388279066869|1300
28587302322817|1278
28587302325465|829
30786325578057|1381
30786325578676|1086
32985348833313|969
32985348834985|523
32985348834992|331
32985348835013|997
32985348835954|314
32985348836909|1316
1161|432
2002|1426
2330|420
3670|546
2199023256388|592
2199023257295|330
4398046511684|1398
4398046514975|1345
6597069768531|929
6597069769576|187
6597069769744|661
8796093022963|342
8796093024091|1433
8796093024822|259
8796093025448|968
8796093025610|750
10995116279539|504
10995116281054|1330
10995116281483|356
13194139534916|1421
13194139535703|1326
15393162790911|358
15393162791210|173
17592186045093|762
17592186045382|1087
19791209300004|255
19791209300167|779
19791209301332|724
19791209301731|205
21990232556811|564
24189255811358|769
24189255811643|1047
24189255812756|211
24189255813977|398
26388279066791|117
30786325580802|232
32985348833995|209
32985348834329|615
32985348835811|838
32985348836078|1136
459|1239
2738|523
2199023255663|380
4398046512349|1194
6597069768429|1152
8796093022665|844
10995116278113|499
10995116278647|1264
10995116279646|1425
10995116279677|375
10995116279731|1117
15393162790830|370
15393162791621|1304
17592186046296|1307
17592186046671|1289
17592186047643|560
19791209300851|451
19791209301054|570
19791209301678|1139
19791209302977|874
21990232556472|791
21990232557143|120
21990232558500|348
24189255812819|195
24189255814147|821
26388279067585|1307
26388279067669|588
28587302323441|1179
28587302323592|1074
28587302323606|209
28587302324825|403
28587302325119|852
30786325578513|1242
30786325579109|528
30786325581594|142
32985348837062|1358
2917|678
2199023255936|510
2199023257206|1109
2199023258739|1211
2199023259059|201
4398046513331|688
8796093025242|1044
10995116278396|347
13194139534668|1313
13194139535318|626
15393162788906|966
15393162790062|1239
15393162791136|838
17592186045168|1009
17592186047668|937
17592186047813|1249
19791209300081|161
19791209300793|936
19791209300814|199
21990232555683|1100
21990232557854|900
26388279067695|1309
26388279069399|386
28587302324063|637
28587302325948|1216
32985348836462|665
32985348836951|1266
250|273
1490|910
1949|216
2079|765
2199023256552|1305
2199023256566|635
2199023257277|472
4398046512194|742
4398046512521|961
4398046514256|918
4398046514722|335
6597069767184|716
6597069768426|230
6597069769460|317
8796093022445|383
8796093023000|461
8796093023813|136
8796093023907|710
10995116277907|203
10995116279592|399
10995116280713|1251
10995116281552|456
13194139536358|396
15393162790365|1134
15393162791578|668
15393162792293|1423
17592186046755|199
17592186046913|713
19791209300443|857
21990232556433|1192
21990232559098|525
24189255811801|1093
24189255813032|745
26388279067472|596
26388279067478|481
26388279069423|1087
28587302322753|1257
28587302323054|1292
28587302325949|457
30786325578585|773
32985348835673|849
1690|1232
2343|783
2199023255817|1385
2199023255855|1037
4398046512206|1053
4398046512532|930
4398046512649|598
4398046513827|878
8796093022582|570
8796093025105|1365
10995116279328|1425
10995116280878|1070
13194139534652|588
13194139535959|1000
15393162790347|1126
15393162791400|1018
17592186044461|1264
17592186045896|633
17592186046016|394
17592186048078|679
17592186048252|435
19791209300483|767
19791209303645|250
21990232555834|823
24189255811275|335
24189255813125|544
26388279067906|1190
28587302322286|880
28587302324474|1285
30786325578088|280
30786325578383|121
30786325579584|353
30786325580979|456
1050|510
1274|1076
1959|1064
2874|250
2199023257063|1095
2199023259308|942
4398046511396|957
6597069770057|1179
8796093022749|669
8796093022789|1066
8796093024390|228
10995116278541|1348
10995116281397|283
13194139533984|1253
13194139534154|163
13194139534730|1051
15393162789529|165
15393162790801|1074
19791209300405|1314
19791209303788|729
21990232557903|573
21990232558836|1259
24189255812765|1150
24189255814688|366
26388279068668|275
28587302323035|262
28587302325632|277
30786325578292|647
30786325578525|436
30786325580699|1013
32985348834092|1306
32985348835926|562
2588|1077
2199023256459|1050
2199023256668|584
2199023257455|1334
6597069767013|944
6597069767300|831
6597069769855|724
8796093025118|456
8796093025231|1177
10995116278869|964
10995116279006|402
13194139536605|1089
13194139537135|752
15393162789578|257
15393162791365|678
15393162792113|943
15393162792192|1177
19791209300021|764
19791209301374|830
19791209302645|1431
19791209302941|323
19791209303099|702
21990232556141|944
21990232557870|1067
26388279066868|1429
26388279067952|488
26388279069685|819
28587302322499|1205
28587302325108|478
30786325578747|424
30786325579488|780
30786325581544|758
32985348834718|178
32985348834867|1452
1481|680
3571|1233
4398046513095|1046
4398046513378|1137
4398046513729|270
6597069768129|732
6597069769791|1411
8796093023493|188
8796093024758|567
8796093025669|1305
10995116280412|530
13194139534191|388
13194139535979|568
13194139536310|1375
15393162789696|883
15393162789787|1178
15393162789933|1307
17592186045512|709
17592186045528|711
17592186047115|733
17592186047922|1126
19791209302621|1046
19791209303530|139
19791209303651|381
21990232557314|455
21990232557419|122
21990232558484|1157
21990232558657|614
21990232558782|1434
24189255813167|142
24189255813924|431
26388279068636|1170
26388279069992|878
28587302324234|879
28587302324913|127
28587302325867|1299
28587302326035|1062
30786325577992|1364
30786325578060|357
30786325580641|575
30786325581345|811
32985348835319|667
32985348835518|261
32985348837099|1314
3315|1198
2199023255953|621
6597069767464|254
6597069767470|1140
6597069770194|390
8796093022541|1145
10995116278652|267
10995116279521|127
10995116279833|643
10995116280426|712
10995116281142|289
13194139534354|1080
13194139535602|722
15393162789850|941
15393162789951|1109
15393162792240|360
15393162792614|1350
17592186044686|1109
17592186047638|831
17592186047890|777
19791209302965|375
19791209303342|317
21990232559360|1149
24189255811707|491
24189255812361|825
24189255813356|772
24189255814606|1251
24189255814716|1113
26388279067183|120
26388279068296|513
26388279069833|833
28587302324430|1383
28587302325706|1127
30786325577774|750
30786325578794|696
30786325581380|171
32985348834625|1197
32985348835448|937
1160|927
1549|252
1925|1316
2163|923
2199023256472|978
2199023257621|185
2199023258040|1103
4398046513291|633
4398046514140|585
6597069768984|441
10995116278980|569
10995116281277|350
13194139534141|1374
13194139534684|1449
13194139536353|485
15393162788893|452
15393162790510|211
15393162792505|906
17592186046854|737
17592186047156|791
17592186047338|1255
17592186047543|1216
21990232555617|172
21990232556962|459
21990232557681|1330
21990232558726|391
24189255812639|991
24189255813276|714
26388279066664|588
26388279070041|1320
30786325578286|1317
30786325581562|1217
1564|567
2370|505
2199023258573|772
2199023258716|328
2199023258752|1252
6597069767433|1447
6597069768792|774
8796093024683|543
8796093025550|733
10995116280161|258
15393162790005|164
15393162791553|953
17592186045334|1374
17592186046811|1353
19791209300020|678
19791209301290|693
19791209301563|281
21990232555658|807
21990232556469|947
21990232556605|194
21990232557266|1440
21990232557454|660
21990232558510|1423
21990232558783|405
24189255813581|935
24189255813885|1005
24189255814669|1424
26388279068009|1211
26388279068150|1418
26388279069265|1444
26388279069922|192
32985348834326|1421
32985348836344|1143
267|639
2135|1325
2783|1348
3060|231
3336|1400
2199023256097|608
2199023257232|947
4398046511163|227
4398046511700|1105
4398046512162|956
4398046513285|1293
4398046514978|958
6597069767226|184
6597069768549|1151
6597069769429|1153
6597069769708|1432
6597069770462|1268
8796093024821|176
8796093025505|739
8796093025858|769
10995116277995|652
10995116281434|791
13194139533320|958
13194139533366|131
13194139533653|117
13194139536036|486
15393162789699|183
15393162790582|261
15393162791145|720
15393162792452|487
17592186045813|422
17592186046908|164
19791209300479|328
24189255814950|507
26388279068074|401
26388279068352|1210
26388279069964|1317
26388279070223|1154
26388279070332|927
28587302323193|1130
28587302324107|1237
30786325578194|135
32985348834027|174
32985348834174|1417
32985348835569|668
32985348836334|395
1979|1144
2048|667
3688|1128
2199023255685|1181
2199023256081|829
2199023259339|238
2199023259406|890
4398046511395|140
4398046511822|373
4398046512548|845
4398046513805|652
8796093023034|570
8796093024144|208
8796093025288|1175
10995116277882|307
10995116280828|643
13194139534420|999
13194139534938|1185
13194139535625|1259
15393162789081|1173
15393162789162|1011
15393162790014|715
15393162792543|1098
15393162792734|136
17592186044691|311
19791209300326|1056
19791209302529|1250
21990232556882|186
21990232559274|245
24189255813953|1369
24189255814078|487
24189255814639|846
28587302322527|696
28587302324873|280
28587302324938|680
28587302325121|980
28587302325414|1337
30786325579101|1422
30786325579690|1304
30786325579720|726
30786325579849|371
30786325580365|720
30786325580949|935
32985348836496|1192
32985348836805|1120
939|1267
3175|1082
2199023257226|1364
2199023258461|643
2199023258902|1162
4398046512002|383
4398046513223|1345
4398046514583|1123
6597069768080|1274
6597069769419|404
6597069770047|853
8796093023296|930
10995116279461|823
13194139534376|467
13194139534721|1129
13194139534862|1140
13194139536204|429
15393162792181|1064
17592186045891|1385
17592186046926|1295
17592186047120|853
17592186047673|1282
19791209300973|899
19791209301168|1308
19791209301475|172
19791209301720|1312
19791209301760|926
19791209302377|1025
19791209303226|817
21990232558582|937
21990232559004|1346
21990232559060|523
24189255814430|993
24189255814674|816
26388279066848|113
26388279067086|959
26388279068081|365
28587302322790|1154
28587302323291|1001
30786325579397|912
30786325580763|119
32985348833315|786
32985348835906|1289
1753|777
2199023256456|268
2199023257034|969
2199023257448|156
4398046511117|1410
4398046513098|1400
4398046514348|247
6597069767551|392
6597069767620|275
10995116279387|1055
10995116279933|882
10995116279934|1269
10995116280688|440
10995116280723|240
13194139533433|1416
13194139533859|1289
13194139536067|1016
13194139536388|382
19791209299986|1332
19791209301132|1058
19791209303409|321
24189255812045|1220
24189255812607|706
24189255813115|113
24189255813579|1254
24189255814137|437
26388279069003|541
28587302322288|139
28587302322737|325
28587302322763|385
28587302324058|1451
28587302324070|656
28587302325774|148
28587302325834|406
30786325578455|1295
30786325580144|1376
30786325581208|1032
30786325581343|1122
32985348835199|1106
35184372088899|801
2788|595
2965|1102
3453|1331
2199023255760|1438
2199023256718|1427
2199023257724|310
2199023258743|1321
4398046512904|491
4398046514081|1393
10995116278268|1440
10995116279193|1297
10995116279270|238
10995116279501|485
13194139536557|1302
15393162789214|1262
15393162790398|949
15393162791498|503
15393162791946|1090
17592186045679|381
19791209301883|505
21990232556982|976
21990232558309|1132
24189255811500|801
24189255811778|263
24189255813968|516
26388279069006|1401
26388279069095|488
26388279069574|677
28587302322256|791
30786325581061|563
32985348834301|938
32985348834536|495
32985348834575|1323
32985348834937|1350
619|595
3704|1317
4398046511667|264
4398046513709|1178
8796093025406|585
10995116278033|961
10995116281171|857
13194139537168|408
15393162789174|745
15393162789653|1220
19791209300068|975
19791209300507|998
19791209302520|913
19791209302783|1367
21990232556997|1204
24189255812006|302
24189255812685|1072
26388279067805|464
26388279068852|928
26388279069465|645
28587302323191|294
30786325577834|556
30786325577980|1328
30786325579733|1304
32985348833653|1064
32985348835004|378
32985348835331|772
32985348835347|1422
32985348835892|182
32985348836352|453
668|1132
2199023256178|709
2199023256452|986
2199023256893|781
2199023259099|718
4398046511763|1086
6597069768377|255
6597069769164|1001
10995116278350|954
10995116278799|242
10995116278966|882
10995116279452|1158
10995116280036|572
10995116281168|258
13194139534267|1374
13194139536660|805
15393162788965|599
15393162789614|523
15393162791846|143
15393162792202|632
15393162792677|1447
17592186044731|1229
19791209301605|665
19791209302532|447
19791209303632|1215
21990232555987|720
21990232556344|511
21990232556508|174
21990232556886|1276
21990232557097|510
21990232557989|599
21990232558670|1421
21990232558826|693
24189255811776|787
24189255812268|1440
26388279067498|1425
26388279067534|564
26388279068069|1153
26388279069728|258
26388279070207|1239
26388279070356|344
28587302322689|1122
28587302323895|1382
28587302325410|677
28587302325895|1154
30786325580773|686
30786325581062|553
32985348835678|1345
32985348836981|323
2165|1042
3231|861
2199023256233|1073
2199023258073|1015
4398046513300|656
6597069767575|1106
6597069768070|1008
6597069768078|1260
6597069768604|691
6597069769185|1424
8796093024706|1383
8796093025074|928
10995116279159|899
10995116280838|1022
13194139533331|1452
13194139535746|1143
13194139535834|1127
13194139536295|938
15393162789760|913
15393162790289|342
15393162790395|1189
15393162791062|1021
15393162792270|119
19791209302818|674
19791209303390|1426
21990232555801|490
21990232557079|457
24189255811887|467
24189255811922|205
26388279068077|491
26388279069266|324
28587302323661|1302
28587302324385|720
28587302325589|1297
30786325579222|499
32985348834171|1383
2199023256077|1266
2199023256536|1120
2199023258003|964
2199023258742|1012
2199023258980|1086
4398046512733|184
4398046512880|958
8796093026103|710
10995116278757|331
10995116279672|236
13194139535993|408
15393162789953|232
17592186047108|1192
19791209300324|626
19791209301471|1111
19791209301519|263
19791209302009|1071
19791209302036|861
19791209302312|1444
19791209303481|1135
26388279067618|192
26388279069693|1082
26388279070267|909
28587302322471|522
30786325577859|695
30786325578258|1120
32985348835455|223
143|1142
2194|856
2199023257287|827
2199023257653|677
4398046511290|1005
4398046512440|519
6597069770389|331
8796093023893|219
10995116279192|254
13194139534076|564
15393162789010|1207
15393162791186|522
15393162791322|314
17592186044459|148
17592186044732|913
17592186047529|780
19791209300831|1143
19791209301780|541
19791209302829|260
21990232555531|350
24189255812380|576
24189255814175|1369
26388279069268|855
26388279069695|474
30786325578029|586
30786325579121|668
30786325580709|1374
30786325581382|1401
30786325581486|630
3760|409
2199023256347|289
4398046513011|1047
4398046513766|259
6597069766797|502
6597069767572|788
8796093023291|1194
8796093024058|889
10995116278184|159
10995116278873|716
10995116279673|1375
10995116279937|337
10995116280597|451
10995116281195|275
13194139535844|196
13194139536078|661
15393162789274|578
15393162790303|237
15393162790411|692
15393162791226|731
15393162791320|468
17592186044897|721
17592186046152|265
19791209301286|1312
19791209301294|516
21990232557835|865
21990232559227|1310
24189255814663|185
26388279066931|1199
26388279068989|1115
26388279069141|1075
28587302323211|771
28587302324346|1350
30786325580284|327
30786325580746|1419
30786325580938|1243
772|1332
3500|714
2199023258120|1022
4398046512999|1236
6597069767868|1069
6597069769095|1175
10995116278636|1140
10995116279657|821
15393162792423|699
17592186045089|1363
17592186047354|562
19791209300359|621
19791209300990|425
19791209301546|191
19791209302326|191
21990232557476|585
21990232557520|624
24189255811726|984
24189255812657|486
24189255814875|1328
26388279067051|136
26388279069231|296
26388279069780|672
28587302322327|957
28587302323722|573
28587302324173|1208
28587302325132|1352
28587302325842|1330
30786325578109|268
30786325578224|893
32985348833537|1402
32985348834284|805
32985348836419|668
1276|1029
2199023256520|321
4398046513028|407
4398046513245|1083
4398046513430|1168
6597069766870|1390
6597069767755|1093
10995116278259|293
10995116278566|1227
13194139533344|737
13194139534410|1071
13194139537061|130
15393162792659|667
17592186047036|869
17592186047951|1212
19791209300761|1313
19791209302510|1117
19791209303123|988
19791209303550|1030
21990232557493|784
21990232558780|299
26388279067635|770
26388279067734|391
28587302323990|503
30786325577877|1118
30786325578316|1444
30786325579380|1322
30786325579831|1098
30786325580537|437
30786325580885|1263
30786325581213|640
32985348833579|624
32985348835451|169
32985348836553|1250
985|248
1125|952
3633|363
2199023256881|1393
2199023258179|1430
4398046514566|881
4398046514593|792
6597069768154|411
6597069768236|366
6597069769456|602
6597069770245|577
10995116280002|1291
10995116280730|1010
10995116280938|559
10995116281649|798
13194139535543|1276
15393162792026|1102
17592186046530|223
19791209300656|797
19791209300830|1006
19791209300839|713
19791209302453|1272
19791209303205|934
21990232555850|1178
21990232558189|1411
21990232558750|704
24189255811312|755
24189255811566|1447
24189255812446|775
26388279067897|341
26388279069097|1185
26388279069410|1352
28587302323862|1146
28587302323985|137
28587302324659|1011
28587302325873|1428
30786325579755|159
30786325579766|250
30786325580189|1344
32985348836723|440
1131|282
3120|745
2199023256086|1142
2199023256321|1318
4398046511845|486
6597069767125|934
8796093024950|286
10995116278269|1054
13194139533427|445
13194139533535|163
13194139534234|392
15393162790920|1422
15393162791569|311
15393162791572|848
17592186044991|444
17592186047563|477
19791209300402|1408
21990232558756|1261
24189255811876|909
24189255814881|1445
26388279066764|1422
28587302323579|702
28587302323597|491
28587302324497|1414
28587302325178|772
28587302325579|974
28587302325768|291
30786325578485|368
30786325578938|357
30786325579451|768
32985348834519|955
32985348835435|324
32985348835899|842
35184372089012|1435
2199023257627|821
2199023258791|1288
4398046513883|562
6597069769142|180
8796093022438|933
8796093022574|1438
8796093022765|288
8796093023199|330
8796093023903|766
8796093025116|615
10995116281521|789
13194139536450|956
15393162790022|480
17592186046852|682
17592186047129|1013
19791209300845|888
19791209301621|780
19791209302241|1298
21990232555692|557
21990232556713|844
21990232556988|515
21990232557749|1084
21990232557808|957
24189255812669|761
24189255813195|725
24189255813588|498
24189255814783|459
26388279067066|1298
26388279068895|1072
28587302324427|122
30786325578362|1063
32985348834064|1414
32985348834682|1310
32985348836005|979
2004|149
4398046511712|1118
4398046512387|286
4398046512527|612
4398046513523|978
6597069768780|1292
8796093025937|347
8796093026041|644
15393162791859|1041
17592186045604|590
19791209301023|429
21990232557330|632
21990232557773|1356
24189255812226|206
24189255812426|750
26388279067248|269
26388279067924|470
26388279069894|208
28587302324313|1211
28587302324990|1197
30786325578935|1104
30786325581249|722
32985348834794|822
32985348835334|1357
32985348835374|919
344|867
3522|1259
2199023255987|409
2199023257311|978
2199023257682|717
2199023257890|1393
2199023258975|1159
2199023259068|983
4398046512492|874
4398046513174|184
4398046513186|1433
6597069769205|1122
8796093024648|1017
8796093025361|152
10995116280019|1382
10995116280366|424
15393162790615|1154
15393162791004|532
17592186045594|278
17592186046363|1222
17592186047081|1405
17592186047640|947
17592186048147|921
19791209301496|219
19791209302313|826
19791209302403|643
21990232556463|1307
21990232557507|268
21990232558761|1386
26388279070318|186
28587302322974|471
28587302323783|672
28587302324174|640
30786325578914|1094
30786325579455|1046
30786325579577|665
32985348834036|1253
471|515
2609|684
2199023255871|1248
2199023256744|1182
4398046514661|198
6597069767347|264
8796093022728|1250
13194139534451|1343
15393162790474|381
15393162792296|933
17592186045028|148
17592186045864|940
19791209299968|285
19791209301981|262
19791209303234|852
21990232556614|994
24189255812535|549
24189255813050|1321
26388279068477|650
26388279068903|690
28587302322824|679
28587302323139|1081
28587302323141|1074
28587302323238|546
30786325581595|525
32985348834066|1084
32985348835238|1250
32985348835616|1099
32985348836279|991
32985348836777|575
941|659
2199023258376|1121
2199023258844|1324
4398046511426|773
4398046514450|352
6597069767348|973
6597069769799|723
8796093024754|460
10995116280472|1428
13194139536613|745
13194139536815|768
15393162789346|898
15393162792747|1128
17592186047433|491
19791209300562|1229
19791209300921|1248
19791209301505|1422
19791209303008|1230
21990232558355|1124
24189255811326|564
24189255813537|1232
24189255813948|1077
24189255814174|560
26388279067441|1396
26388279068728|761
26388279069828|1301
26388279070342|140
26388279070400|366
28587302322676|883
30786325578629|579
30786325579091|839
30786325579989|1354
30786325580603|1010
30786325580777|773
32985348834768|266
290|755
3055|867
2199023255949|963
2199023259017|536
4398046514218|527
4398046514863|572
6597069767904|662
6597069768334|310
6597069769371|776
8796093023851|1141
10995116278796|706
10995116278912|846
13194139533440|126
13194139534913|1413
15393162790476|217
15393162790770|901
15393162790819|1211
17592186047079|1061
17592186048021|335
17592186048023|252
19791209302193|1302
19791209302925|547
21990232556302|884
24189255811638|1444
24189255814718|987
26388279066885|866
26388279069072|1349
26388279070197|1085
28587302322537|919
28587302324038|187
28587302325624|933
28587302325984|1184
30786325580308|1407
32985348834570|1284
1644|1029
2191|1065
2886|214
3779|998
2199023258117|1047
6597069766914|843
6597069767635|1091
6597069767668|1309
6597069770377|471
8796093024039|749
8796093024620|498
8796093024864|391
8796093025528|453
13194139535014|930
13194139535443|319
17592186046466|643
19791209301676|150
21990232558925|1244
26388279067760|604
26388279070235|1067
28587302325012|1081
30786325578600|1123
30786325578755|1082
32985348833434|1314
32985348833702|677
32985348835254|145
2292|867
4398046511747|424
4398046511941|278
4398046513531|1385
4398046513814|165
6597069766711|1075
6597069767341|1312
6597069768034|178
6597069769133|460
6597069770516|1118
8796093022975|1227
10995116278228|1385
10995116279549|837
13194139535995|749
15393162791080|131
15393162792710|757
17592186045803|1307
17592186046083|1318
19791209301522|410
19791209302216|1423
19791209303818|1336
21990232556837|446
21990232557538|914
21990232558393|930
24189255812295|1350
24189255813664|1442
26388279067331|395
26388279068391|959
26388279069094|682
28587302324094|1300
28587302325648|365
30786325578963|855
32985348833834|1327
32985348834678|471
32985348834886|1357
32985348835695|902
32985348836365|160
32985348836381|601
32985348836699|444
974|621
1829|1208
3039|462
2199023255725|390
2199023257291|633
4398046511246|184
6597069767375|979
6597069768004|721
6597069768320|1342
6597069768564|785
6597069768722|1401
8796093022412|616
10995116279349|1103
10995116280527|1382
10995116280854|671
15393162789624|643
17592186047098|666
17592186047159|800
17592186047175|1449
19791209301977|1062
19791209302952|321
19791209303809|502
21990232556760|1210
21990232557068|726
21990232557288|750
21990232558637|1245
24189255811079|339
24189255813168|552
26388279067868|769
28587302322487|1133
28587302324481|118
28587302325918|1340
30786325578737|797
30786325579189|1299
30786325579399|941
32985348833660|1413
788|923
3682|1401
3781|1111
2199023256634|1407
2199023258090|1394
2199023258130|413
2199023258513|1032
4398046512142|310
4398046514115|500
6597069767887|1093
6597069768056|273
6597069768782|646
8796093022946|916
8796093026085|1420
10995116280156|1271
13194139535027|938
13194139536130|902
15393162790832|1040
15393162792376|1185
17592186044943|977
17592186045645|883
17592186046411|844
17592186046849|699
19791209300199|764
19791209301911|654
21990232555571|1178
21990232555686|992
21990232556206|1423
21990232556992|294
24189255811671|1313
26388279068721|729
26388279069748|1415
28587302322524|799
28587302322854|801
28587302324530|564
28587302325030|112
28587302325292|202
28587302325563|150
32985348833438|780
32985348833979|549
32985348834576|765
32985348835122|1440
1419|540
2030|732
3092|424
3825|613
2199023257753|1438
6597069770089|763
6597069770337|824
8796093022435|445
8796093024296|1261
8796093024494|1359
8796093025250|1439
10995116280493|1379
17592186046110|1072
19791209301112|724
21990232558558|1108
24189255813022|467
26388279067527|884
28587302324102|1338
28587302325144|828
30786325580412|567
32985348834334|1287
32985348834723|1175
32985348836424|491
32985348836635|201
35184372090183|1425
35184372090930|515
709|795
2269|1340
2199023255887|1366
2199023257135|1048
2199023257239|862
2199023258839|1322
4398046511145|185
4398046514238|703
6597069766998|1344
6597069767400|976
13194139533500|627
15393162788911|1356
15393162789077|567
17592186046501|739
19791209301592|1280
19791209301878|879
19791209302013|481
19791209302535|235
19791209303197|594
24189255811573|1364
26388279067426|845
26388279067479|685
28587302323373|919
28587302324426|1377
28587302325148|878
28587302325670|1131
30786325578320|1393
30786325579648|515
30786325580145|591
30786325581360|237
32985348836700|846
583|482
609|255
2199023255940|228
2199023258111|1158
2199023258409|298
2199023258912|1325
4398046512486|1046
4398046514485|444
8796093022821|728
8796093024728|1385
10995116278976|645
10995116279236|1277
10995116279522|594
10995116280116|1409
10995116280534|223
10995116281504|610
13194139533927|405
13194139534915|311
15393162789090|946
15393162789575|933
15393162792584|1176
17592186045078|1123
17592186047298|909
17592186047972|829
19791209301217|1434
19791209303580|618
24189255814450|1447
26388279067159|1110
26388279067562|190
26388279068775|824
28587302323268|232
28587302324596|756
30786325578441|1110
30786325579529|1092
30786325579799|1418
32985348835525|1189
3764|791
2199023256351|479
4398046511185|729
4398046512441|593
6597069769466|1295
8796093025994|1085
10995116278925|698
10995116279661|1370
10995116281153|1026
13194139533588|1133
13194139534548|477
13194139535127|205
13194139536934|1068
15393162790438|1147
15393162790462|157
15393162791288|943
17592186045280|1413
19791209301102|1301
19791209301812|1376
19791209303405|915
19791209303757|1128
21990232555771|1223
21990232556263|1134
24189255813517|951
26388279067862|1160
26388279069766|481
28587302324835|882
28587302324954|355
28587302325298|967
30786325578075|313
30786325578932|999
30786325579731|1123
32985348834655|742
32985348835502|497
32985348836204|526
32985348836215|858
2199023258028|783
2199023258944|1116
4398046511241|1050
4398046511592|743
6597069767274|295
6597069767432|191
8796093022449|606
13194139534161|1091
13194139535092|1170
13194139535970|364
15393162792630|930
17592186045408|755
17592186046392|492
19791209300634|772
21990232555524|554
21990232555958|1019
21990232556707|1359
24189255814002|926
26388279067581|513
26388279068427|592
26388279069724|629
26388279069919|257
28587302322870|1219
30786325577977|1222
30786325578245|522
30786325579401|1249
30786325579579|1326
32985348833533|607
32985348834423|588
32985348834483|1136
32985348835137|1089
3412|400
2199023255562|632
4398046511672|547
4398046512938|154
4398046513494|1280
8796093023470|1055
8796093024887|294
8796093025295|1063
10995116281653|1092
13194139533606|221
13194139535090|575
13194139535706|229
15393162789084|1129
15393162789204|307
17592186048055|884
21990232556252|541
21990232556376|273
21990232557764|558
24189255812653|649
24189255812896|394
24189255814717|764
26388279067923|990
26388279069885|1125
28587302325046|1011
28587302325151|351
30786325581272|625
32985348833329|144
443|1322
3454|458
2199023255688|847
2199023256849|1080
4398046513546|1419
8796093024675|871
8796093024734|340
8796093025783|402
8796093025992|809
10995116280592|766
13194139533482|593
13194139535801|1005
15393162791624|1332
17592186044439|877
17592186045497|686
17592186047786|617
19791209300504|1356
19791209302776|562
21990232556429|597
21990232556761|496
21990232558091|1014
24189255811171|363
24189255812001|1065
24189255812047|956
26388279068177|726
26388279068220|507
26388279069792|1406
28587302323136|832
30786325577784|1086
30786325578911|1242
30786325579297|213
30786325579880|368
32985348835867|290
32985348836361|228
2199023256524|840
2199023259002|519
4398046513140|890
4398046513850|120
6597069766720|1061
8796093025552|159
8796093025833|278
10995116278525|334
10995116279564|1284
10995116280727|560
10995116281228|954
10995116281470|702
13194139535456|321
13194139536407|1096
15393162788989|1331
15393162790223|1367
15393162792052|419
19791209300317|1041
19791209302942|457
21990232557315|390
21990232558899|127
24189255811277|426
24189255812660|155
24189255813215|432
24189255814068|604
26388279067108|1052
26388279067637|394
26388279068526|1430
26388279070049|381
26388279070463|1203
28587302322530|986
28587302322548|1222
28587302323345|939
28587302325381|897
32985348833478|829
32985348833670|1254
32985348835144|1351
32985348835158|238
32985348835870|1066
32985348836100|1195
683|576
1885|977
2197|317
2199023256776|236
2199023257889|954
4398046511180|1342
4398046512001|343
4398046514056|853
6597069766850|1204
6597069767729|778
6597069768951|348
8796093023237|1425
8796093023668|161
10995116278236|409
10995116278308|1331
10995116280061|495
10995116280491|230
10995116280563|112
10995116281656|957
13194139534270|228
13194139535418|778
13194139535896|1162
13194139536622|957
13194139536898|674
15393162790639|423
15393162791608|1264
17592186045573|209
21990232556847|652
24189255813553|1070
24189255813927|908
26388279067378|252
26388279069224|667
28587302323701|793
28587302323855|860
30786325578608|761
30786325578896|464
30786325580290|277
30786325580943|1436
32985348836085|309
2472|1184
2199023258328|216
2199023258582|863
2199023258723|1242
4398046512494|679
4398046513456|217
4398046513876|205
6597069769082|1284
8796093023234|919
10995116278223|1040
10995116278835|504
10995116279118|626
13194139536097|1206
13194139536362|1058
15393162789859|325
15393162791083|1408
15393162791580|655
15393162791843|1192
15393162791892|1119
17592186045229|765
17592186047843|1225
19791209300454|1240
19791209301312|981
21990232556903|386
24189255811663|1011
24189255813121|1175
24189255814865|299
26388279068563|1041
26388279069127|121
30786325580233|1102
32985348833404|1304
96|405
2519|1036
2199023256280|134
4398046514591|409
8796093022970|269
10995116281205|289
13194139533469|492
13194139534229|1448
13194139535758|695
15393162789111|529
15393162790787|1341
15393162792150|218
17592186045261|1085
17592186046876|559
19791209300091|1275
19791209301600|248
19791209302521|824
19791209303325|521
19791209303491|1148
21990232556916|269
21990232557037|1047
21990232557237|1235
21990232557814|553
21990232558080|689
26388279067796|854
28587302322552|239
28587302324912|677
28587302325901|500
30786325578215|614
870|1142
932|590
1077|1256
1521|499
2199023256154|796
2199023256862|692
2199023257143|1157
2199023257255|343
2199023259200|124
4398046511367|229
4398046512696|653
4398046513789|399
6597069767831|825
6597069768240|117
6597069770050|1180
6597069770329|521
8796093024191|693
10995116279093|949
10995116280003|223
13194139533725|1406
15393162789907|631
17592186046531|848
19791209300775|884
19791209301798|1166
19791209303016|1301
21990232556381|1122
21990232559206|552
24189255811481|167
26388279069936|1311
28587302323823|563
28587302325456|581
30786325580679|1380
32985348833467|656
32985348834796|793
32985348835500|928
32985348835627|113
296|643
2946|235
2199023256219|1368
2199023256872|1084
2199023257187|1267
2199023257598|577
4398046511177|442
8796093022995|1069
8796093023990|937
8796093025694|1058
10995116278496|1205
10995116279287|684
10995116280255|672
10995116280333|1184
13194139533493|1086
13194139534143|198
15393162790403|1065
15393162790406|187
15393162791052|849
15393162792041|990
17592186044737|449
17592186045165|1181
17592186046293|746
17592186046507|1062
17592186046896|565
19791209300579|1286
21990232555794|746
21990232556018|128
21990232556990|450
21990232557450|1039
24189255814269|742
24189255814958|1328
26388279067442|483
26388279070189|612
28587302323213|615
28587302324409|416
30786325577905|720
30786325578329|153
30786325578887|575
30786325581260|178
32985348833378|137
32985348833975|192
32985348835207|355
32985348835647|528
32985348836143|376
768|1011
2199023255798|1020
2199023257864|292
4398046514664|519
8796093023346|1273
8796093023550|1141
10995116278625|1082
15393162788866|642
15393162792433|694
19791209303201|708
19791209303335|806
21990232556528|170
21990232557886|976
21990232558882|446
21990232558996|1043
24189255812556|250
24189255813332|972
26388279067054|892
26388279070254|537
28587302324200|1428
30786325580851|916
32985348836290|1356
32985348836696|530
32985348836893|714
345|1082
3539|225
2199023255898|1331
4398046512397|124
4398046514443|1185
6597069767242|1440
6597069768524|274
8796093023738|439
8796093023825|795
8796093023919|1217
8796093025675|328
10995116278336|992
10995116278412|1299
10995116279075|1226
10995116279273|944
10995116280686|294
13194139535620|1127
15393162789815|1325
15393162791888|1110
17592186044729|866
17592186044994|399
17592186045212|210
17592186046524|350
21990232558418|615
24189255814737|796
26388279066948|1039
26388279068083|313
26388279068495|480
26388279069959|292
28587302323385|303
28587302324213|761
28587302324910|908
30786325578760|231
32985348836025|706
35184372089449|1365
35184372092050|417
1259|525
3748|346
3897|115
2199023255952|1147
2199023256008|183
2199023257044|1068
6597069767674|208
6597069768987|593
6597069768989|1424
8796093023655|894
8796093023884|409
8796093024189|480
8796093024661|203
8796093025123|941
10995116277846|725
10995116281591|679
15393162790043|611
15393162790151|1244
15393162791651|631
17592186044808|158
17592186044865|821
19791209301153|502
19791209301298|1123
19791209301790|673
21990232557888|1062
24189255811211|534
24189255813562|221
24189255814349|389
24189255814538|1201
26388279068485|225
26388279069371|471
28587302322837|1316
28587302323276|759
30786325580549|692
30786325580775|941
30786325581011|1256
30786325581281|872
32985348834407|753
32985348834585|1405
32985348835879|941
1933|765
2199023255821|640
2199023258728|754
4398046511322|883
6597069767732|872
8796093024836|896
10995116278627|1358
13194139535660|506
15393162789076|1414
15393162790754|249
15393162791567|652
19791209301121|1142
19791209301139|342
19791209302513|1028
21990232556787|628
21990232559204|685
21990232559411|233
24189255811116|841
26388279067685|487
26388279068324|805
28587302322597|1430
28587302322946|160
28587302324330|427
28587302325306|1417
30786325579179|410
30786325581030|217
30786325581441|796
32985348834922|140
32985348835852|1431
32985348835903|1209
32985348836287|299
32985348836556|1353
3780|253
2199023256816|111
2199023258537|464
4398046511904|846
6597069767149|1298
6597069767679|1319
6597069767836|1289
6597069770535|1326
8796093023107|1446
8796093023561|833
8796093023991|918
8796093024419|389
10995116278436|720
10995116278874|182
10995116281472|1420
17592186047337|941
17592186047583|612
19791209300153|724
19791209300771|186
19791209301354|529
19791209303470|831
19791209303477|475
21990232558026|616
21990232559344|1379
21990232559368|813
24189255811240|1162
24189255811953|1408
24189255812862|285
24189255812964|1107
24189255814339|659
24189255814729|211
26388279066654|1369
26388279068716|869
26388279068985|581
30786325578370|599
30786325579117|454
30786325579738|596
30786325580682|1026
30786325581282|1303
32985348833796|1202
32985348835517|891
32985348835923|1297
35184372090643|196
959|1334
2698|864
3585|1243
3627|1185
2199023256418|320
2199023256586|746
2199023258445|1352
2199023259425|1372
4398046511332|1127
4398046514685|1223
6597069767301|983
6597069767359|336
6597069767457|1110
6597069770017|940
8796093022668|618
13194139535697|799
15393162792715|931
17592186047707|1422
19791209300828|295
19791209301329|353
19791209303571|580
21990232556642|696
21990232556891|876
21990232557366|1229
24189255811140|791
24189255813181|983
26388279068331|407
26388279069055|731
28587302322743|949
28587302324269|1296
32985348835185|706
3274|640
2199023256125|1340
4398046511736|507
4398046513800|983
6597069768981|1431
6597069769313|274
8796093025144|729
8796093025421|389
10995116279283|1209
10995116279587|1300
10995116281039|1349
13194139533784|240
13194139534430|254
13194139535574|1010
13194139536841|1108
15393162789687|1050
15393162789769|238
15393162790275|591
17592186045238|1312
17592186046824|1131
19791209300404|1304
19791209301791|894
24189255814371|144
26388279066928|270
26388279068620|606
28587302324289|386
28587302325203|405
30786325580011|1226
32985348834605|504
32985348834879|906
32985348835400|1323
32985348836239|1083
35184372092330|230
1847|277
2023|1365
2214|848
2199023256264|946
4398046511442|661
4398046511753|575
4398046513915|766
4398046514155|436
4398046514514|1349
4398046514585|916
4398046514668|794
6597069767571|765
6597069770164|491
8796093023017|604
8796093023094|358
10995116280678|259
10995116281525|386
13194139533770|579
13194139534724|231
13194139537010|200
15393162790430|185
15393162790737|1000
15393162791418|867
15393162791723|1016
17592186045044|669
17592186047473|316
17592186047899|1398
19791209301749|1401
21990232555803|521
21990232556500|794
24189255812419|661
26388279067003|423
26388279069507|1075
26388279069508|1284
26388279069893|1391
28587302323229|703
28587302324670|524
28587302325529|1162
30786325580042|781
30786325580772|1285
32985348833798|1084
32985348835108|534
32985348836061|265
2199023257939|328
4398046514418|1188
6597069766993|1250
6597069767407|398
6597069767884|1104
6597069768060|1265
6597069768646|271
6597069769055|1239
6597069769100|370
8796093024572|200
8796093024611|596
10995116278353|604
10995116279298|260
13194139534770|348
13194139535422|755
13194139537150|1378
17592186045405|378
17592186047687|423
19791209300190|777
19791209301664|354
21990232556441|1374
21990232556833|820
24189255813712|397
26388279066795|190
26388279068235|888
26388279068724|339
26388279070008|545
28587302323858|532
30786325579180|410
30786325580467|980
30786325580605|1205
32985348833505|1278
32985348835335|424
32985348836604|980
998|1051
2199023257390|513
4398046514487|792
6597069768275|958
6597069768496|1144
8796093022727|269
10995116278224|1268
10995116281308|281
13194139536590|810
13194139537008|996
15393162790300|958
17592186044592|1177
19791209301538|1380
19791209302191|404
19791209302480|1211
19791209302810|1134
24189255813447|501
24189255814005|373
26388279067574|1328
30786325578640|1011
30786325579512|943
30786325579853|1004
30786325581473|1110
32985348833676|346
32985348834373|943
32985348835582|1316
32985348835764|1302
32985348835971|1057
150|745
702|751
1793|1349
1929|608
2530|833
2199023256310|180
2199023257630|1407
2199023257736|254
4398046511257|1319
4398046512244|723
4398046512662|1004
4398046514989|1099
6597069766719|600
6597069767851|1071
6597069770471|219
6597069770520|1367
8796093024014|752
10995116278210|925
10995116279596|131
15393162789655|1042
15393162790167|1216
17592186045047|1366
17592186045085|1215
17592186045578|642
19791209300572|461
19791209300874|1197
19791209301543|1191
19791209303333|1163
21990232555650|714
21990232558884|1441
24189255813822|563
26388279066830|1405
26388279067561|911
26388279067910|836
26388279068034|205
26388279068113|756
26388279070031|1348
28587302322939|1015
28587302323964|920
28587302325083|112
30786325577964|971
30786325580117|544
32985348833673|782
32985348833854|985
32985348834375|599
35184372090770|446
2317|686
2843|475
2199023257240|1386
2199023259354|1125
4398046513084|129
6597069768540|690
6597069769941|1345
6597069770094|1348
8796093024532|897
10995116277788|1363
10995116278286|469
10995116279390|150
10995116280872|846
13194139533439|681
13194139536438|120
15393162789417|919
15393162790168|552
15393162791233|934
17592186044862|1194
17592186045792|684
19791209301554|567
19791209302613|509
21990232556650|256
24189255814191|1222
26388279067625|948
26388279069650|307
26388279070218|1058
26388279070248|539
28587302323430|1148
28587302323682|795
28587302325954|1368
30786325579745|1147
30786325579845|196
30786325580060|213
30786325580956|933
30786325580960|1360
32985348836076|1433
32985348836678|327
687|252
3730|363
2199023257517|637
4398046512303|262
4398046514676|283
6597069768394|1242
6597069768560|1098
8796093022369|135
8796093024640|550
8796093026038|1390
10995116279619|974
10995116280446|1011
10995116281207|321
13194139535786|848
17592186045549|627
17592186046182|621
17592186046943|488
19791209300159|796
19791209300639|1003
19791209303127|307
21990232558057|844
21990232559334|944
24189255812246|473
24189255814924|136
26388279066662|747
28587302323175|1125
28587302323283|294
30786325581490|1167
32985348833794|1395
32985348834100|567
32985348835354|393
